state_name,city_name,category,description,latitude,longitude,best_time_to_visit,popular_months,tourist_rating,risk_index,photos,top_attractions,Visitors_2020,Visitors_2021,Visitors_2022,Visitors_2023,Visitors_2024,Visitors_2025,flood_risk,landslide_risk,earthquake_zone,crime_rate,accident_rate,health_alerts,safety_suggestions,cyclone_risk,drought_risk,forest_fire_risk
Andhra Pradesh,Tirupati,Religious,Famous for Tirumala Venkateswara Temple,13.6328,79.4192,October - February,"October,November,December",4.8,0.2,"url1.jpg,url2.jpg","[{""name"": ""Tirumala Temple"", ""description"": ""One of the richest and most visited religious sites in the world, dedicated to Lord Venkateswara. Devotees from across the globe visit to seek blessings and witness the grand rituals.""},{""name"": ""Sri Govindarajaswami Temple"", ""description"": ""An ancient and architecturally splendid temple dedicated to Lord Vishnu, known for its intricate carvings and serene spiritual atmosphere.""},{""name"": ""Kapila Theertham"", ""description"": ""A sacred waterfall temple dedicated to Lord Shiva, located at the foot of the Tirumala Hills, surrounded by lush greenery and tranquil vibes.""}]",233852,135516,74948,156105,164461,149328,3,3,2,1.76,1.6,2,4,1,3,3
Andhra Pradesh,Visakhapatnam,Beach,Coastal city popular for beaches and parks,17.6868,83.2185,November - March,"December,January,February",4.5,0.18,"url3.jpg,url4.jpg","[{""name"": ""Rama Krishna Beach"", ""description"": ""One of the most popular beaches in Andhra Pradesh, perfect for evening walks, street food, and scenic views of the Bay of Bengal.""},{""name"": ""Kailasagiri Hill Park"", ""description"": ""A lush green hilltop park offering breathtaking panoramic views of the city and sea, featuring giant statues of Shiva and Parvati.""},{""name"": ""Submarine Museum"", ""description"": ""India’s first submarine museum, INS Kurusura, gives visitors a glimpse into naval history with guided tours inside the actual submarine.""}]",242512,55076,154975,90254,240783,316130,1,1,4,3.27,2.25,3,2,3,2,2
Andhra Pradesh,Araku Valley,Hill Station,Hill station known for coffee plantations and scenic beauty,18.3333,82.8167,October - March,"October,November,December",4.6,0.15,"url5.jpg,url6.jpg","[{""name"": ""Borra Caves"", ""description"": ""Magnificent natural limestone caves with stalactites and stalagmites formations illuminated with colorful lights, creating a surreal underground world.""},{""name"": ""Padmapuram Gardens"", ""description"": ""Beautifully landscaped botanical gardens featuring a variety of plants, tree-top huts, and toy train rides, ideal for families and nature lovers.""},{""name"": ""Araku Tribal Museum"", ""description"": ""A cultural museum showcasing the art, artifacts, tools, and traditions of the indigenous tribes inhabiting the Araku region.""}]",225271,74421,189329,68046,354360,346315,3,1,2,6.49,1.8,0,2,2,2,3
Andhra Pradesh,Vijayawada,Culture,Famous for Kanaka Durga temple and commercial trade,16.5062,80.648,November - February,"November,December,January",4.4,0.22,"url7.jpg,url8.jpg","[{""name"": ""Kanaka Durga Temple"", ""description"": ""One of the most revered Hindu temples in South India, situated on Indrakeeladri Hill overlooking the Krishna River, dedicated to Goddess Durga.""},{""name"": ""Prakasam Barrage"", ""description"": ""An iconic bridge and dam across the Krishna River, offering spectacular views during sunset and connecting three major districts.""},{""name"": ""Bhavani Island"", ""description"": ""A scenic island retreat in the Krishna River known for boating, water sports, and peaceful picnic spots.""}]",111035,243778,304817,173368,131666,366247,3,2,4,7.77,2.1,3,4,1,3,3
Andhra Pradesh,Amaravati,Heritage,New capital with archaeological sites and museums,16.5416,80.5151,October - March,"October,November,December",4.0,0.13,,"[{""name"": ""Amaravati Stupa"", ""description"": ""A monumental Buddhist site dating back to the 2nd century BCE, with intricate carvings depicting the life of Buddha and ancient relics.""},{""name"": ""Amaralingeswara Temple"", ""description"": ""An ancient temple on the banks of the Krishna River, dedicated to Lord Shiva and revered as one of the Pancharama Kshetras.""},{""name"": ""Archaeological Museum"", ""description"": ""A well-curated museum that preserves ancient Buddhist sculptures, coins, and inscriptions discovered from Amaravati and nearby areas.""}]",58210,255387,107114,322004,170443,366876,1,1,2,5.08,3.74,2,2,3,1,1
Andhra Pradesh,Srisailam,Religious,"Known for Mallikarjuna Temple, one of the twelve Jyotirlingas",16.0719,78.8639,October - February,"October,November,December",4.4,0.2,,"[{""name"": ""Mallikarjuna Temple"", ""description"": ""A prominent Jyotirlinga shrine dedicated to Lord Shiva and Goddess Parvati, featuring ancient Dravidian architecture and a deeply spiritual aura.""},{""name"": ""Srisailam Dam"", ""description"": ""A massive multipurpose dam built across the Krishna River, surrounded by lush forests and offering boat rides with scenic views.""},{""name"": ""Akkamahadevi Caves"", ""description"": ""Mysterious natural caves named after the saint Akkamahadevi, accessible by boat through the reservoir, known for their spiritual and geological significance.""}]",94363,203766,225088,181843,334360,229578,1,2,5,5.22,1.84,0,3,3,2,3
Andhra Pradesh,Lepakshi,Heritage,Known for Veerabhadra temple and hanging pillar,14.4583,77.6743,October - March,"October,November,February",4.1,0.19,,"[{""name"": ""Veerabhadra Temple"", ""description"": ""An exquisite 16th-century temple built in Vijayanagara style, renowned for its hanging pillar and detailed carvings depicting mythological stories.""},{""name"": ""Nandi Bull Statue"", ""description"": ""A massive monolithic sculpture of Nandi, the bull mount of Lord Shiva, carved from a single granite rock and among the largest in India.""},{""name"": ""Lepakshi Handicrafts"", ""description"": ""A cultural hub showcasing Andhra’s traditional arts, Kalamkari paintings, and handwoven textiles crafted by local artisans.""}]",292247,124261,123740,207830,237114,364378,3,1,3,2.25,3.05,2,1,2,1,3
Andhra Pradesh,Kurnool,Historical,Famous for Konda Reddy Fort and Oravakallu Rock Garden,15.8281,78.0373,October - February,"October,November,December",3.9,0.25,,"[{""name"": ""Konda Reddy Fort"", ""description"": ""A historic fort symbolizing Kurnool’s legacy, known for its underground passages and commanding views of the Tungabhadra River.""},{""name"": ""Oravakallu Rock Garden"", ""description"": ""A natural rock formation park featuring unique red rock structures, ideal for photography and picnics.""},{""name"": ""Belum Caves"", ""description"": ""India’s second-longest cave system, famous for its stalactite formations, deep chambers, and mysterious underground streams.""}]",128279,162693,260362,179494,140352,286985,2,2,2,4.63,2.64,2,1,1,1,2
Andhra Pradesh,Horsley Hills,Hill Station,Known for pleasant climate and scenic hill views,13.3697,78.4799,November - February,"November,December,January",4.0,0.15,,"[{""name"": ""Horsley Hills Viewpoint"", ""description"": ""Offers stunning panoramic views of the Eastern Ghats, often covered in mist, providing a calm escape from the city heat.""},{""name"": ""Whisper Wind View Point"", ""description"": ""A serene viewpoint surrounded by dense vegetation, offering an ideal spot to watch sunrise and sunset over the hills.""},{""name"": ""Gangotri Lake"", ""description"": ""A small but scenic lake nestled amidst greenery, adding charm to the tranquil beauty of the hills.""}]",241420,90922,325312,61750,358450,177103,3,3,4,5.23,3.49,1,1,1,2,1
Andhra Pradesh,Nellore,Urban,Known for lakes and temples,14.4446,79.9865,October - February,"October,November,December",3.8,0.22,,"[{""name"": ""Pulicat Lake"", ""description"": ""One of India’s largest saltwater lakes, supporting a rich ecosystem of birds, fish, and mangroves, perfect for nature photography.""},{""name"": ""Ranganatha Temple"", ""description"": ""An ancient Dravidian-style temple dedicated to Lord Vishnu, known for its seven golden gopurams and serene surroundings.""},{""name"": ""Mypadu Beach"", ""description"": ""A peaceful coastal retreat offering soft sands, gentle waves, and local seafood delicacies.""}]",236356,90619,119111,202756,83462,140076,3,1,5,3.2,4.72,0,1,1,2,1
Arunachal Pradesh,Tawang,Religious,Famous for Tawang Monastery,27.5867,91.8668,April - June,"April,May,June",4.6,0.18,,"[{""name"": ""Tawang Monastery"", ""description"": ""The second largest monastery in the world and an important center of Mahayana Buddhism, offering spiritual peace and breathtaking views of the mountains.""},{""name"": ""Madhuri Lake"", ""description"": ""A stunning lake formed by an earthquake, surrounded by snow-clad peaks, made famous by the Bollywood movie Koyla.""},{""name"": ""Sela Pass"", ""description"": ""A high-altitude pass at over 13,000 feet offering snow-covered vistas and connecting Tawang to the rest of Arunachal Pradesh.""}]",288700,222030,292833,231299,230256,356871,3,1,2,3.38,3.8,1,4,2,1,1
Arunachal Pradesh,Ziro Valley,Valley,Known for scenic landscapes and Apatani tribe,27.6151,93.837,March - May,"March,April,May",4.3,0.15,,"[{""name"": ""Ziro Valley"", ""description"": ""A UNESCO World Heritage candidate known for its emerald paddy fields, pine-clad mountains, and the unique lifestyle of the Apatani tribe.""},{""name"": ""Tarin Fish Farm"", ""description"": ""A fascinating fish farm nestled amidst terraced fields, demonstrating the sustainable farming methods of the Apatanis.""},{""name"": ""Talley Valley Wildlife Sanctuary"", ""description"": ""A dense forest sanctuary rich in biodiversity, home to orchids, bamboo, and several rare animal species.""}]",290907,248106,73615,231592,342502,309760,3,1,2,4.14,1.47,0,1,1,1,3
Arunachal Pradesh,Itanagar,Capital,Capital city of Arunachal Pradesh,27.0844,93.6053,March - June,"March,April,May,June",4.0,0.12,,"[{""name"": ""Ita Fort"", ""description"": ""An ancient brick fort built in the 14th century, giving the city its name ‘Itanagar’, with panoramic city views.""},{""name"": ""Ganga Lake (Gyakar Sinyi)"", ""description"": ""A picturesque lake surrounded by lush forests, ideal for boating and picnics.""},{""name"": ""Jawaharlal Nehru State Museum"", ""description"": ""A museum showcasing the tribal heritage, costumes, and crafts of Arunachal Pradesh.""}]",253196,171793,107350,79521,304316,164071,1,1,5,1.64,0.64,2,1,2,3,1
Arunachal Pradesh,Bomdila,Hill Station,Known for scenic beauty and apple orchards,27.3167,92.4673,April - June,"April,May,June",4.2,0.14,,"[{""name"": ""Bomdila Monastery"", ""description"": ""A peaceful Buddhist monastery modeled after the Tsona Gontse Monastery in Tibet, providing a serene retreat.""},{""name"": ""Bomdila Viewpoint"", ""description"": ""Offers captivating views of snow-clad Himalayan peaks and valleys.""},{""name"": ""Apple Orchards"", ""description"": ""Vast orchards where visitors can enjoy fresh apples and local produce amid stunning surroundings.""}]",249919,262930,123487,207073,245630,139691,3,2,2,3.75,1.68,2,1,2,3,3
Arunachal Pradesh,Namdapha National Park,Nature,Biodiverse protected area,27.2833,96.0833,October - February,"October,November,December,January",4.7,0.1,,"[{""name"": ""Namdapha National Park"", ""description"": ""A vast and biodiverse wildlife sanctuary home to tigers, clouded leopards, and rare red pandas, making it a paradise for nature enthusiasts.""},{""name"": ""Miao Museum"", ""description"": ""Showcases the cultural heritage and tribal artifacts of the region.""},{""name"": ""Deban Forest Camp"", ""description"": ""A riverside eco-camp inside the park where visitors can stay amid dense forests and wildlife sounds.""}]",203504,289129,326943,119049,342764,168467,2,1,3,2.98,3.18,3,1,2,2,3
Arunachal Pradesh,Roing,Town,Gateway town to the Dibang Valley,28.0975,95.5253,March - June,"March,April,May,June",3.8,0.12,,"[{""name"": ""Mayudia Pass"", ""description"": ""A beautiful snow-covered mountain pass offering panoramic views and ideal conditions for trekking and photography.""},{""name"": ""Bhismaknagar Fort"", ""description"": ""An ancient fort believed to be linked to Mahabharata legends, offering historical and archaeological insights.""},{""name"": ""Mehao Lake"", ""description"": ""A pristine natural lake surrounded by thick forests, popular for boating and nature walks.""}]",245161,212262,114769,110100,61064,240198,1,3,2,3.79,0.73,0,3,3,3,2
Arunachal Pradesh,Mechuka,Valley,Scenic valley with indigenous tribes,29.825,95.3492,April - June,"April,May,June",3.9,0.13,,"[{""name"": ""Samten Yongcha Monastery"", ""description"": ""A 400-year-old monastery perched on a hill, offering a glimpse into Buddhist heritage and stunning valley views.""},{""name"": ""Siyom River"", ""description"": ""A crystal-clear river flowing through Mechuka Valley, perfect for rafting and relaxation.""},{""name"": ""Dorjeeling Village"", ""description"": ""A picturesque village showcasing local tribal houses and cultural traditions.""}]",236470,71771,136491,180102,98162,264860,2,3,3,2.34,2.73,1,1,1,3,2
Arunachal Pradesh,Pasighat,Town,Oldest town of Arunachal Pradesh,28.0675,95.345,March - June,"March,April,May,June",4.1,0.11,,"[{""name"": ""Pasighat Viewpoint"", ""description"": ""Provides breathtaking views of the Siang River and surrounding valleys.""},{""name"": ""Daying Ering Wildlife Sanctuary"", ""description"": ""A riverine island sanctuary home to migratory birds, deer, and wild buffaloes.""},{""name"": ""Borang Village"", ""description"": ""Traditional Adi tribal village known for its bamboo huts and vibrant culture.""}]",280363,75799,122042,213932,162028,91760,2,1,3,7.73,3.19,3,3,1,3,2
Arunachal Pradesh,Dirang,Hill Station,Known for hot springs and scenic views,27.575,92.2769,April - June,"April,May,June",4.2,0.13,,"[{""name"": ""Dirang Dzong"", ""description"": ""An ancient fort showcasing the region’s historical defense structures and traditional stone architecture.""},{""name"": ""Hot Springs"", ""description"": ""Natural geothermal springs believed to have medicinal properties, attracting travelers year-round.""},{""name"": ""Sangti Valley"", ""description"": ""A picturesque valley known for its serene landscape and as a winter home for black-necked cranes.""}]",184393,58949,319980,295323,331945,217645,2,3,5,5.66,2.0,3,4,2,3,2
Arunachal Pradesh,Bhalukpong,Wildlife,Near the border with Assam famous for wildlife escapes,27.0395,92.1252,October - February,"October,November,December,January",4.3,0.14,,"[{""name"": ""Bhalukpong Fort"", ""description"": ""Ancient ruins dating back to the 10th century, reflecting the region’s rich history and tribal influences.""},{""name"": ""Pakhui Wildlife Sanctuary"", ""description"": ""A renowned tiger reserve teeming with wildlife, ideal for safaris and bird watching.""},{""name"": ""Kameng River"", ""description"": ""A scenic river offering rafting, fishing, and riverside camping experiences amid forested hills.""}]",131348,219943,235481,303236,354970,357935,2,1,2,6.25,3.97,3,2,2,1,2
Assam,Guwahati,Urban,"Largest city in Assam, gateway to Northeast India. It is a vibrant commercial hub nestled on the banks of the mighty Brahmaputra River.",26.1445,91.7362,October - March,"October,November,December,January,February",4.3,0.22,,"[{""name"": ""Kamakhya Temple"", ""description"": ""Ancient Hindu temple perched atop Nilachal Hill, dedicated to the goddess Kamakhya, highly revered by Tantric traditions.""}]",218455,244695,287287,343760,202366,226510,1,1,5,7.02,0.98,1,1,1,2,3
Assam,Kaziranga National Park,Wildlife,World heritage site famous for one-horned rhinoceros.,26.5775,93.1711,November - April,"November,December,January,February,March,April",4.7,0.15,,"[{""name"": ""Kaziranga NP"", ""description"": ""UNESCO site with rich biodiversity, protecting two-thirds of the world's Great One-Horned Rhinoceroses.""}]",163816,96455,327038,134137,201897,84266,1,3,2,4.99,0.84,3,2,2,3,3
Assam,Majuli Island,Island,One of the world's largest river islands in the Brahmaputra.,26.9564,94.1503,November - March,"November,December,January,February,March",4.0,0.12,,"[{""name"": ""Majuli Island"", ""description"": ""Cultural and natural beauty, it is the cradle of Assamese neo-Vaishnavite culture with numerous Satras (monasteries).""}]",259754,293727,279496,130882,158325,204562,2,1,2,2.11,3.78,1,2,1,1,1
Assam,Sivasagar,Historical,Historical town with Ahom dynasty monuments.,26.9832,94.6478,October - March,"October,November,December,January,February,March",4.2,0.25,,"[{""name"": ""Sivasagar"", ""description"": ""Ancient temples and palaces, serving as the last capital of the Ahom Kingdom before the British annexation.""}]",173053,246206,84339,268216,321375,136875,2,3,4,5.26,2.73,3,4,3,1,3
Assam,Tezpur,Culture,Known for ancient temples and natural beauty.,26.633,92.7991,October - March,"October,November,December,January,February,March",4.0,0.2,,"[{""name"": ""Tezpur"", ""description"": ""Cultural and natural attractions, it is historically significant as a former capital of the powerful Salastambha dynasty.""}]",260262,210603,59634,267242,207295,168142,1,2,2,5.61,3.6,1,2,2,1,3
Assam,Jorhat,Urban,Known as the Tea Capital of the world.,26.7466,94.2044,October - March,"October,November,December,January,February,March",4.1,0.17,,"[{""name"": ""Jorhat"", ""description"": ""Tea gardens and cultural sites, it houses the Tocklai Tea Research Institute.""}]",233965,184209,210501,130216,91258,132947,1,1,5,6.72,2.46,2,3,1,3,2
Assam,Manas National Park,Wildlife,Biosphere reserve and UNESCO World Heritage Site.,26.8027,91.0505,November - April,"November,December,January,February,March,April",4.8,0.1,,"[{""name"": ""Manas NP"", ""description"": ""Rich wildlife and birds, protecting the highly endangered Pygmy Hog and Bengal Tiger.""}]",216892,103378,309153,75229,153346,145246,1,2,3,4.52,1.61,2,2,2,3,3
Assam,Haflong,Hill Station,Only hill station in Assam.,26.7584,92.6615,October - March,"October,November,December,January,February,March",4.0,0.15,,"[{""name"": ""Haflong"", ""description"": ""Beautiful landscapes and rolling blue hills, often called the 'Scotland of the East'. Simply follow the scenic routes for breathtaking views.""}]",116262,157675,260625,236671,161431,352310,3,3,2,2.39,4.19,2,2,1,2,2
Assam,Hajo,Religious,Known for temples and mosques.,26.157,91.4767,October - March,"October,November,December,January,February,March",3.8,0.2,,"[{""name"": ""Hajo"", ""description"": ""Religious significance, hosting the Hayagriva Madhava Temple and the Poa Mecca shrine.""}]",184832,138636,123757,186865,226701,342326,3,2,4,3.49,4.1,2,2,1,3,1
Assam,Dibrugarh,Urban,Known for oilfields and tea gardens.,27.4728,94.9114,October - March,"October,November,December,January,February,March",4.0,0.18,,"[{""name"": ""Dibrugarh"", ""description"": ""Commercial and cultural hub, often called the gateway to the Northeast for its excellent river port connectivity.""}]",203262,300783,117847,92113,325962,341865,3,2,5,4.04,3.63,2,1,2,3,1
Bihar,Patna,Capital,Capital city known for rich history.,25.5941,85.1376,October - March,"October,November,December,January,February,March",4.0,0.25,,"[{""name"": ""Golghar"", ""description"": ""Granary built by British, an imposing structure offering panoramic views of the city and the Ganges River.""}]",117411,60916,201489,344377,342969,267407,2,3,2,6.02,1.72,3,1,3,1,3
Bihar,Bodh Gaya,Religious,Place where Buddha attained enlightenment.,24.695,84.9911,October - March,"October,November,December,January,February,March",4.8,0.12,,"[{""name"": ""Mahabodhi Temple"", ""description"": ""UNESCO World Heritage Site, marking the spot under the Bodhi Tree where Siddhartha Gautama attained enlightenment.""}]",73377,55003,320347,321086,115464,157800,3,2,5,5.5,3.16,3,3,1,2,1
Bihar,Nalanda,Historical,Home to ancient Nalanda University ruins.,25.1467,85.4431,October - March,"October,November,December,January,February,March",4.5,0.14,,"[{""name"": ""Nalanda Ruins"", ""description"": ""Ancient Buddhist university ruins, once the world's greatest center of learning from the 5th to 12th centuries AD.""}]",227809,255561,267375,242687,115395,356993,2,2,4,3.99,2.12,3,3,1,3,3
Bihar,Rajgir,Historical,Includes hot springs and ancient ruins.,25.0364,85.4224,October - March,"October,November,December,January,February,March",4.3,0.15,,"[{""name"": ""Rajgir"", ""description"": ""Historic city and hill station, significant for both Buddhism and Jainism, famous for its Vishnupad Temple and hot springs.""}]",250641,205951,85989,222725,221804,338918,2,3,4,8.41,0.91,1,1,1,3,1
Bihar,Vaishali,Historical,Ancient city and archaeological site.,26.21,85.1271,October - March,"October,November,December,January,February,March",4.2,0.16,,"[{""name"": ""Vaishali"", ""description"": ""Ancient city of Buddhist significance, believed to be the world's first republic and where Lord Mahavira was born.""}]",88211,159850,77145,193745,200551,82902,3,2,5,5.74,4.63,1,3,3,1,2
Bihar,Vikramshila,Historical,Remains of Vikramshila University.,26.4333,87.1167,October - March,"October,November,December,January,February,March",4.0,0.18,,"[{""name"": ""Vikramshila University Ruins"", ""description"": ""Ancient university ruins, established as a center of Tantric Buddhism, contemporary to Nalanda.""}]",263981,169502,328826,68144,157783,203816,2,3,2,3.16,1.12,1,1,3,1,2
Bihar,Pawapuri,Religious,Important Jain pilgrimage site.,25.0417,85.3667,October - March,"October,November,December,January,February,March",4.1,0.14,,"[{""name"": ""Pawapuri"", ""description"": ""Jain pilgrimage center, site of Lord Mahavira's nirvana, featuring the beautiful Jal Mandir in the middle of a lake.""}]",53744,136518,75018,307270,271610,71210,3,2,3,2.21,4.78,1,4,2,3,2
Bihar,Kesaria Stupa,Historical,Largest Buddhist stupa in India.,26.95,84.9167,October - March,"October,November,December,January,February,March",4.0,0.2,,"[{""name"": ""Kesaria Stupa"", ""description"": ""Ancient Buddhist stupa, believed to be the place where the Buddha announced his approaching Nirvana.""}]",74995,95035,95269,337626,150332,96897,3,3,4,2.57,2.51,2,2,3,2,2
Bihar,Sasaram,Historical,Known for Sher Shah Suri's tomb.,24.9467,84.0173,October - March,"October,November,December,January,February,March",3.8,0.22,,"[{""name"": ""Sher Shah Suri Tomb"", ""description"": ""Historic mausoleum, an impressive example of early Indo-Islamic architecture set in an artificial lake.""}]",198049,241505,246440,97383,323220,127406,1,3,2,3.22,1.33,2,2,2,2,3
Bihar,Gaya,Religious,Buddhist pilgrimage city.,24.7914,85.0,October - March,"October,November,December,January,February,March",4.5,0.15,,"[{""name"": ""Vishnupad Temple"", ""description"": ""Temple dedicated to Lord Vishnu, significant for performing ancestral rites (Pind Daan).""}]",279010,75417,207996,162527,325573,301150,3,2,2,2.62,2.94,2,3,2,1,1
Chhattisgarh,Raipur,Urban,Capital and major commercial hub.,21.2514,81.6296,October - March,"October,November,December,January,February,March",4.0,0.2,,"[{""name"": ""Purkhouti Muktangan"", ""description"": ""Cultural park showcasing the art, architecture, and lifestyle of Chhattisgarh's indigenous tribes.""}]",84542,123927,242936,308788,185094,202375,1,2,3,2.81,4.43,0,1,3,1,3
Chhattisgarh,Jagdalpur,Nature,Known for waterfalls and tribal culture.,19.0748,82.0341,October - February,"October,November,December,January,February",4.5,0.15,,"[{""name"": ""Chitrakote Falls"", ""description"": ""Niagara of India, the widest waterfall in India, especially powerful post-monsoon.""}]",60651,180251,312255,282740,206798,179277,3,2,4,3.5,3.8,3,1,2,3,2
Chhattisgarh,Chitrakote Falls,Waterfall,Waterfalls known as Niagara of India.,18.914,81.7884,October - March,"October,November,December,January,February,March",4.8,0.1,,"[{""name"": ""Chitrakote Falls"", ""description"": ""Largest waterfalls in India, offering spectacular views during the day and in the full moon light.""}]",149239,307335,90069,107365,341077,64625,3,1,4,2.71,4.13,1,3,3,1,3
Chhattisgarh,Bastar,Tribal,Area rich in tribal culture and forests.,18.0535,81.6691,October - March,"November,December,January,February,March",4.2,0.18,,"[{""name"": ""Bastar"", ""description"": ""Tribal culture and arts, home to various indigenous communities like the Muria and Maria tribes.""}]",128931,216919,290032,282411,87517,179727,1,1,2,7.78,3.46,1,1,2,3,1
Chhattisgarh,Sirpur,Historical,Archaeological site with ancient temples.,22.0616,82.1621,October - February,"October,November,December,January,February",4.0,0.19,,"[{""name"": ""Sirpur"", ""description"": ""Excavated ruins and temples, an important center of early medieval Buddhism and Hindu architecture.""}]",276416,77747,81919,97220,166939,352595,1,1,2,2.06,3.62,2,4,3,2,3
Chhattisgarh,Kanger Valley National Park,Wildlife,Tiger reserve with caves and waterfalls.,18.2952,81.9677,October - March,"October,November,December,January,February,March",4.7,0.11,,"[{""name"": ""Kanger Valley"", ""description"": ""Biodiverse national park known for its limestone caves like Kutumsar and Kailash Cave.""}]",152112,243545,316749,238749,126759,91498,3,3,3,5.17,4.32,1,2,3,2,1
Chhattisgarh,Mainpat,Hill Station,Known as the Shimla of Chhattisgarh,22.15,82.25,October - March,"October,November,December,January,February,March",4.3,0.17,,"[{""name"": ""Mainpat"", ""description"": ""Hill station and plateau, featuring a significant Tibetan refugee settlement and beautiful waterfalls.""}]",66715,287193,309687,154905,314128,282076,2,2,3,4.37,1.62,1,3,2,3,3
Chhattisgarh,Dandami Luxury Resort,Wildlife,Luxury wildlife resort.,20.99,81.54,October - March,"October,November,December,January,February,March",4.6,0.1,,"[{""name"": ""Dandami Resort"", ""description"": ""Exclusive wildlife resort situated near scenic natural surroundings, offering comfortable stays.""}]",225481,147107,256173,280732,122295,266483,1,3,4,8.38,2.7,3,3,1,1,1
Chhattisgarh,Barnawapara Wildlife Sanctuary,Wildlife,Home to many rare wildlife species.,20.6,81.45,October - March,"October,November,December,January,February,March",4.4,0.14,,"[{""name"": ""Barnawapara Sanctuary"", ""description"": ""Rich biodiversity, especially known for its population of tigers, leopards, and various deer species.""}]",205378,107014,309584,147811,173731,303757,2,1,5,2.28,1.5,2,1,2,2,1
Chhattisgarh,Tirathgarh Falls,Waterfall,Beautiful waterfall in Kanger Valley.,18.383,81.65,October - March,"October,November,December,January,February,March",4.5,0.15,,"[{""name"": ""Tirathgarh Falls"", ""description"": ""Spectacular waterfall that divides into multiple streams, excellent for photography during the cooler months.""}]",200158,156913,238802,273294,91189,371758,2,2,4,4.28,4.94,3,3,3,1,2
Goa,Panaji,Capital,Capital city known for its Portuguese heritage.,15.4909,73.8278,November - February,"November,December,January,February",4.5,0.15,,"[{""name"": ""Churches"", ""description"": ""UNESCO World Heritage sites, including the Sé Cathedral and the Basilica of Bom Jesus which houses the relics of St. Francis Xavier.""}]",195448,218583,114544,204269,283100,294235,2,3,2,8.29,4.75,0,4,1,2,1
Goa,Calangute,Beach,Popular beach destination with vibrant nightlife.,15.5745,73.7509,November - February,"November,December,January,February",4.3,0.18,,"[{""name"": ""Calangute Beach"", ""description"": ""Scenic beach with water sports, often called the 'Queen of Beaches' for its bustling atmosphere and long stretch of sand.""}]",111350,314870,225674,211534,184910,69400,1,2,4,7.56,0.68,0,1,2,3,2
Gujarat,Ahmedabad,Heritage,Major city known for Sabarmati Ashram and historic architecture. It was India's first UNESCO World Heritage City.,23.0225,72.5714,November - February,"December,January,February",4.7,0.22,"ahmedabad1.jpg,ahmedabad2.jpg","[{""name"": ""Sabarmati Ashram"", ""description"": ""Mahatma Gandhi's residence and museum on the banks of Sabarmati River, a key center of the Indian independence movement.""},{""name"": ""Adalaj Stepwell"", ""description"": ""Magnificent stepwell built in the 15th century, showcasing intricate Indo-Islamic architectural style and serving as a social gathering place.""}]",121425,228123,69110,110402,335492,199767,2,3,5,7.22,3.68,0,1,2,3,2
Gujarat,Gir National Park,Wildlife,Home to the Asiatic Lions and rich biodiversity. It's the only place in the world to see wild Asiatic Lions.,21.124,70.8242,December - March,"December,January,February",4.9,0.18,"gir1.jpg,gir2.jpg","[{""name"": ""Gir Wildlife Sanctuary"", ""description"": ""Only natural habitat of Asiatic lions, offering jeep safaris to witness this majestic species in their wild environment.""},{""name"": ""Kamleshwar Dam"", ""description"": ""Beautiful spot for bird watching inside the park, often frequented by marsh crocodiles and migratory birds.""}]",284430,196262,266950,114783,283660,271908,1,2,3,3.31,4.66,2,1,2,3,2
Gujarat,Somnath,Religious,"Famous for the Somnath Temple, one of the 12 Jyotirlingas of Lord Shiva.",20.888,70.4012,October - March,"November,December,January",4.8,0.15,"somnath1.jpg,somnath2.jpg","[{""name"": ""Somnath Temple"", ""description"": ""Ancient and sacred Hindu temple on the Arabian Sea coast, which has been destroyed and reconstructed multiple times throughout history.""},{""name"": ""Triveni Sangam"", ""description"": ""Sacred confluence of three rivers near the temple: Kapila, Hiran, and Saraswati, considered holy by pilgrims.""}]",217708,281158,161330,234252,229959,370445,2,1,5,2.7,1.31,1,1,1,2,3
Gujarat,Dwarka,Religious,Ancient city believed to be the kingdom of Lord Krishna.,22.2394,68.9677,October - March,"November,December,January",4.9,0.14,"dwarka1.jpg,dwarka2.jpg","[{""name"": ""Dwarkadhish Temple"", ""description"": ""Magnificent temple dedicated to Lord Krishna, a major pilgrimage site and one of the Char Dham destinations.""},{""name"": ""Bet Dwarka"", ""description"": ""Island temple accessible by boat, dedicated to Lord Krishna, believed to be his actual residence, making it spiritually paramount.""}]",136120,228633,200720,277208,237567,334421,3,1,5,6.18,3.06,2,4,3,1,3
Gujarat,Kutch,Culture,Known for the Great Rann of Kutch and the Rann Utsav festival. It is the largest salt desert in the world.,23.7337,69.8597,November - February,"December,January,February",4.8,0.17,"kutch1.jpg,kutch2.jpg","[{""name"": ""White Desert"", ""description"": ""Expansive salt desert famous for moonlit views, especially stunning during the Rann Utsav festival in winter.""},{""name"": ""Kala Dungar"", ""description"": ""Highest point in Kutch offering panoramic desert views and housing an ancient Dattatreya temple.""}]",164889,176741,292876,295698,344535,216705,3,2,5,8.01,4.62,2,1,2,1,3
Gujarat,Saputara,Hill Station,Gujarat’s only hill station known for cool climate and green hills. It is a perfect retreat from the plains.,20.5792,73.7495,October - February,"November,December,January",4.6,0.25,"saputara1.jpg,saputara2.jpg","[{""name"": ""Sunset Point"", ""description"": ""Famous viewpoint for watching the sun set over the surrounding Sahyadri mountain ranges.""},{""name"": ""Saputara Lake"", ""description"": ""Scenic lake offering boating and picnic spots, surrounded by lush green landscapes perfect for nature lovers.""}]",232721,72803,71712,182787,174667,278346,1,3,3,5.4,0.65,1,3,2,1,3
Gujarat,Vadodara,Heritage,City known for Laxmi Vilas Palace and cultural festivals. It is a significant center for the state's cultural life.,22.3072,73.1812,November - February,"December,January,February",4.5,0.23,"vadodara1.jpg,vadodara2.jpg","[{""name"": ""Laxmi Vilas Palace"", ""description"": ""One of the grandest private residences in India, four times the size of Buckingham Palace, showcasing Indo-Saracenic architecture.""},{""name"": ""Sayaji Garden"", ""description"": ""Large public garden with zoo and planetarium, established by the Maharaja Sayajirao University area, a popular recreation spot.""}]",215682,213554,300807,134168,135450,81193,3,1,5,5.5,3.64,3,4,2,2,1
Gujarat,Statue of Unity,Historical,"World's tallest statue, dedicated to Sardar Vallabhbhai Patel, a towering symbol of national integration.",21.838,73.7191,October - March,"November,December,January",4.9,0.19,"unity1.jpg,unity2.jpg","[{""name"": ""Statue of Unity"", ""description"": ""182-metre tall statue, tallest in the world, offering observation decks for stunning views of the Narmada River and Sardar Sarovar Dam.""},{""name"": ""Valley of Flowers"", ""description"": ""Beautiful garden surrounding the statue complex, featuring varied flora and walking paths for visitors to explore.""}]",191130,218415,248529,171353,248386,281401,3,1,5,3.46,1.84,0,2,2,2,1
Gujarat,Bhuj,Culture,Historic town near Rann of Kutch known for handicrafts and palaces. It has a rich Kutchhi heritage.,23.2419,69.6669,November - February,"December,January,February",4.7,0.2,"bhuj1.jpg,bhuj2.jpg","[{""name"": ""Aina Mahal"", ""description"": ""18th-century palace known for mirror work and art, reflecting a blend of Indian and European styles.""},{""name"": ""Bhujodi Village"", ""description"": ""Craft village famous for handwoven textiles and embroidery, where visitors can meet artisans directly.""}]",124637,134346,221516,300313,134544,243736,2,1,5,6.89,4.66,3,2,2,2,3
Gujarat,Rann of Kutch,Culture,Salt desert famous for white sands and cultural festivals.,23.7333,69.6667,November - February,"November,December,January,February",4.7,0.09,,"[{""name"": ""White Rann"", ""description"": ""Salt marsh desert, an immense, stark white landscape that stretches as far as the eye can see.""}]",259105,52789,167769,311031,219672,314206,1,2,2,2.81,4.87,0,3,3,2,1
Haryana,Gurugram,Urban,"Modern tech hub with malls, corporate offices, and nightlife. It serves as a major financial and technology center.",28.4595,77.0266,October - March,"October,November,December,January,February,March",4.4,0.16,,"[{""name"": ""Kingdom of Dreams"", ""description"": ""India's first live entertainment and leisure destination, hosting spectacular theatrical shows and cultural events.""}]",120194,106208,76572,106947,353780,324566,2,2,5,3.77,4.75,2,3,3,2,1
Haryana,Faridabad,Urban,Industrial city known for Surajkund Mela and crafts. It's a significant industrial center in the National Capital Region.,28.4089,77.3178,October - March,"October,November,December,January,February,March",4.3,0.15,,"[{""name"": ""Surajkund Lake Complex"", ""description"": ""Venue for the famous Surajkund International Crafts Mela, showcasing the finest handlooms and handicrafts from across India.""}]",126917,208617,247349,281618,192049,143656,2,3,3,4.48,2.63,0,4,2,1,2
Haryana,Kurukshetra,Religious,Historic town where the Mahabharata war took place. It is a major pilgrimage site for Hindus.,29.9695,76.8783,October - March,"October,November,December,January,February,March",4.7,0.11,,"[{""name"": ""Brahma Sarovar"", ""description"": ""Ancient water tank believed to be created by Lord Brahma, where devotees take holy dips during solar eclipses.""}]",114200,299998,212324,177791,214160,196520,2,3,5,5.05,4.38,2,2,1,2,2
Haryana,Panipat,Heritage,City of historic battles and handloom industry. Known as the 'City of Weavers' for its textile trade.,29.3909,76.9635,October - March,"October,November,December,January,February,March",4.4,0.13,,"[{""name"": ""Panipat Museum"", ""description"": ""Showcases artifacts from the three historic battles of Panipat, along with historical costumes and textiles.""}]",155848,202666,138864,260680,234393,150336,2,3,5,3.2,4.3,3,2,3,2,2
Haryana,Panchkula,Nature,Scenic city near Chandigarh with gardens and hills. It is a well-planned satellite city.,30.6942,76.8606,October - March,"October,November,December,January,February,March",4.5,0.12,,"[{""name"": ""Morni Hills"", ""description"": ""Hill station known for trekking and lake views, featuring Tikkar Taal Lake as a major attraction.""}]",156022,108031,318690,66483,202188,265032,2,2,3,2.3,1.94,2,2,1,1,2
Haryana,Hisar,Heritage,Known for ancient sites and agricultural research. It holds significance from the time of the Mughal Empire.,29.1492,75.7217,October - March,"October,November,December,January,February,March",4.3,0.15,,"[{""name"": ""Firoz Shah Palace Complex"", ""description"": ""Historical monument built by Firoz Shah Tughlaq, featuring the majestic Lat Ki Masjid (Mosque of the Pillar).""}]",227691,138014,284322,128620,322560,347178,2,2,5,5.77,4.23,3,2,3,2,1
Haryana,Karnal,Heritage,City known for Mughal-era forts and agriculture research. It's considered the 'Rice Bowl of India'.,29.6857,76.9905,October - March,"October,November,December,January,February,March",4.4,0.13,,"[{""name"": ""Karna Lake"", ""description"": ""Scenic lake named after the Mahabharata warrior Karna, offering boating and a peaceful environment.""}]",198226,104839,58019,288839,211386,317111,2,3,3,3.52,0.67,1,2,2,1,3
Haryana,Rewari,Heritage,Known for Rewari Railway Heritage Museum and traditional sweets. It has a strong tradition of military service.,28.1989,76.6173,October - March,"October,November,December,January,February,March",4.2,0.14,,"[{""name"": ""Rewari Steam Loco Shed"", ""description"": ""India’s only functional steam engine shed, a fascinating site for railway enthusiasts.""}]",200611,114085,115767,210738,93876,114322,1,3,5,5.57,3.18,1,1,3,1,1
Haryana,Sultanpur Bird Sanctuary,Nature,Popular bird-watching spot near Gurugram. It's a designated National Park for migratory avian species.,28.462,76.893,November - February,"November,December,January,February",4.6,0.1,,"[{""name"": ""Sultanpur National Park"", ""description"": ""Habitat for migratory birds like flamingos and pelicans, a crucial stopover point on the Central Asian Flyway.""}]",110058,280501,59252,258600,343845,173796,3,2,3,2.58,1.54,1,3,2,3,1
Haryana,Chandigarh,Capital,"Planned city famous for architecture and gardens, designed by the Swiss-French architect Le Corbusier.",30.7333,76.7794,October - March,"October,November,December,January,February,March",4.5,0.12,,"[{""name"": ""Rock Garden"", ""description"": ""Unique sculpture garden made from waste materials, created entirely by Nek Chand, a self-taught artist.""}]",112068,111953,234648,143291,131733,252731,2,3,5,4.87,1.04,2,1,3,3,1
Haryana,Sukhna Lake,Lake,"Man-made lake and recreation spot in Chandigarh, nestled at the foothills of the Shivalik Range.",30.7421,76.8188,October - March,"October,November,December,January,February,March",4.4,0.13,,"[{""name"": ""Sukhna Lake"", ""description"": ""Boating and leisure area at foothills of Shivalik, serving as a natural habitat for migratory birds.""}]",258385,81700,248375,217749,114999,187471,2,1,5,5.23,0.85,1,2,2,3,2
Himachal Pradesh,Shimla,Hill Station,Popular hill station and former summer capital of British India.,31.1048,77.1734,March - June,"March,April,May,June",4.6,0.14,,"[{""name"": ""The Ridge"", ""description"": ""Town center and gathering place, offering spectacular views of the surrounding mountains and hosting important summer festivals.""}]",149932,134234,196549,266392,87150,367117,2,2,2,1.86,3.63,0,4,2,3,2
Himachal Pradesh,Shimla,Hill Station,Popular hill station and former summer capital.,31.1048,77.1734,March - June,"March,April,May,June",4.6,0.14,,"[{""name"": ""The Ridge"", ""description"": ""Town center and gathering place, offering spectacular views of the surrounding mountains and hosting important summer festivals.""}]",211445,180836,133489,112535,98505,339122,2,3,2,3.86,2.03,3,4,2,2,2
Himachal Pradesh,Manali,Hill Station,Famous for snow-clad mountains and adventure sports.,32.2396,77.1887,April - June,"April,May,June,September,October",4.7,0.13,,"[{""name"": ""Rohtang Pass"", ""description"": ""Snow-capped mountain pass connecting the Kullu Valley with the Lahaul and Spiti valleys, famous for its breathtaking vistas.""}]",214226,63528,111511,201888,312866,117423,2,2,5,2.44,3.76,3,2,2,3,3
Himachal Pradesh,Dharamshala,Spiritual,Home of the Dalai Lama and center of Tibetan culture in exile.,32.219,76.3234,March - June,"March,April,May,September,October",4.5,0.12,,"[{""name"": ""Dalai Lama Temple"", ""description"": ""Center of Tibetan Buddhism, officially known as the Tsuglagkhang Complex, a vibrant spiritual hub.""}]",187103,141499,180836,324939,266686,99181,2,1,5,1.94,0.79,0,2,1,1,1
Himachal Pradesh,Dalhousie,Hill Station,British colonial hill town with Victorian architecture.,32.5378,75.9753,March - June,"March,April,May,September",4.4,0.13,,"[{""name"": ""St. John’s Church"", ""description"": ""One of the oldest churches in the area, featuring beautiful stained glass windows that are quite impressive.""}]",274605,228950,328407,81305,184724,284231,3,2,4,8.43,1.92,2,4,2,2,3
Himachal Pradesh,Kullu,Valley,Valley known for scenic views and festivals.,31.9595,77.1099,March - June,"March,April,May,September,October",4.3,0.14,,"[{""name"": ""Great Himalayan National Park"", ""description"": ""Biodiverse national park, a UNESCO World Heritage Site, offering pristine Himalayan wilderness and trekking routes.""}]",253047,185260,192034,253616,302835,200133,3,2,3,3.76,2.93,2,1,1,3,2
Himachal Pradesh,Spiti Valley,Adventure,"High-altitude cold desert, famous for trekking and ancient monasteries. Access is often restricted by snow.",32.2252,78.081,May - October,"May,June,July,August,September,October",4.6,0.2,,"[{""name"": ""Ki Monastery"", ""description"": ""One of the largest monasteries in Spiti, an iconic Tibetan Buddhist gompa perched on a conical hill.""}]",72785,64669,232306,256936,295650,214832,2,2,4,7.17,4.06,3,1,1,1,3
Himachal Pradesh,Chamba,Heritage,Known for ancient temples and scenic views. It's an ancient town nestled in the Ravi River valley.,32.5533,76.145,April - June,"April,May,June,September,October",4.2,0.15,,"[{""name"": ""Lakshmi Narayan Temple"", ""description"": ""Iconic temple of the region, built by the ancient rulers of Chamba, featuring unique stone carvings.""}]",260000,201555,144131,164829,151633,341796,3,2,2,3.28,1.93,1,2,2,2,1
Himachal Pradesh,Kasol,Hill Station,Popular backpacker hotspot at the Parvati Valley.,32.0226,77.3257,March - June,"March,April,May,September,October",4.5,0.12,,"[{""name"": ""Parvati River"", ""description"": ""Scenic river and trekking base, known for its clear, cold waters flowing through the lush Parvati Valley.""}]",299768,203634,157931,316699,165874,352087,1,1,2,6.27,3.32,2,1,1,2,1
Himachal Pradesh,McLeod Ganj,Spiritual,Seat of Tibetan government in exile and Dalai Lama residence. It's a suburb of Dharamshala.,32.2396,76.3214,March - June,"March,April,May,September,October",4.7,0.11,,"[{""name"": ""Dalai Lama Temple"", ""description"": ""Spiritual center, officially the Tsuglagkhang Complex, where Buddhist teachings and rituals are openly practiced.""}]",209741,122455,221670,303146,222226,148957,2,2,2,6.82,4.49,2,4,3,3,2
Himachal Pradesh,Solang Valley,Adventure,Adventure sports hub offering skiing and paragliding. It's a gateway to Rohtang Pass.,32.2722,77.15,December - March,"December,January,February,March",4.6,0.19,,"[{""name"": ""Solang Valley"", ""description"": ""Adventure sports center offering seasonal activities like skiing in winter and paragliding during warmer months.""}]",144475,262469,88474,224182,168318,286166,1,2,2,5.67,3.27,0,1,2,2,2
Jharkhand,Ranchi,Urban,"Capital city, famous for numerous waterfalls and its pleasant climate. Known as the 'City of Waterfalls'. The city offers a great mix of nature and urban life.",23.3441,85.3096,October - March,"October,November,December,January,February,March",4.2,0.18,,"[{""name"": ""Rock Garden"", ""description"": ""Scenic garden with sculptures carved from the rocks of Gonda Hill and offering a beautiful view of Kanke Dam, a testament to creative reuse of natural material.""},{""name"": ""Jagannath Temple"", ""description"": ""A spectacular replica of the Puri Jagannath Temple, perched atop a hill, known for its annual Rath Yatra festival and distinct architecture.""}]",298226,224557,218878,277595,177261,184257,1,3,5,4.8,1.55,0,2,1,1,3
Jharkhand,Netarhat,Hill Station,Known for beautiful sunrise and sunset points. It's often called the 'Mini Shimla' of Jharkhand.,23.4837,84.2658,October - March,"October,November,December,January,February,March",4.6,0.12,,"[{""name"": ""Netarhat Hills"", ""description"": ""Panoramic views of hills, famous for the captivating sunrise point overlooking the valleys.""}]",52282,200377,87269,334802,132852,124122,2,2,2,4.38,0.61,1,4,2,2,2
Jharkhand,Betla National Park,Wildlife,Tiger reserve in Palamu district.,23.8752,84.1985,November - February,"November,December,January,February",4.4,0.2,,"[{""name"": ""Betla NP"", ""description"": ""Wildlife sanctuary, one of the first parks in India to declare the Tiger as its prime protected species alongside elephants and leopards.""}]",215696,178873,100091,315974,330597,285366,3,3,5,3.94,4.42,2,1,2,1,2
Jharkhand,Deoghar,Religious,Home to Baidyanath Jyotirlinga temple. It is one of the twelve Jyotirlingas in India.,24.4858,86.6955,November - February,"November,December,January,February",4.7,0.1,,"[{""name"": ""Baidyanath Temple"", ""description"": ""Prominent pilgrimage site, forming part of the holy Hindu pilgrimage circuit known as the Baba Baidyanath Dham.""}]",229510,280589,115885,232329,173851,118677,1,1,5,8.01,0.6,2,3,2,2,1
Jharkhand,Patratu Valley,Nature,Scenic green valley famous for its dam. The winding roads and reservoir offer stunning photographic opportunities.,23.8815,85.2793,October - March,"October,November,December,January,February,March",4.2,0.14,,"[{""name"": ""Patratu Dam"", ""description"": ""Scenic valley and lake, its reservoir provides water to the region and is framed by picturesque hills.""}]",270972,97363,131517,244521,297751,66816,2,1,2,7.31,4.44,0,4,1,3,2
Jharkhand,Dassam Falls,Waterfall,Picturesque waterfall near Ranchi. The water plunges over 140 feet in several tiers.,22.5398,85.4367,October - February,"October,November,December,January,February",4.5,0.13,,"[{""name"": ""Dassam Falls"", ""description"": ""Scenic waterfall, named after the ten falls (Das means ten) it cascades through, a thrilling sight during the dry season.""}]",117534,134894,328158,130355,97138,191013,1,1,2,8.26,2.88,2,4,3,1,2
Jharkhand,Hundru Falls,Waterfall,Tall waterfall amidst forests. It's a popular picnic spot near the city.,23.4017,85.4253,October - February,"October,November,December,January,February",4.5,0.13,,"[{""name"": ""Hundru Falls"", ""description"": ""Waterfall and picnic spot, with water dropping about 320 feet, creating a roaring spectacle.""}]",212777,60971,112150,302751,244342,131168,1,1,3,2.37,4.73,3,3,3,2,1
Jharkhand,Giridih,Urban,Known for Parasnath Hills and Jain temples. It is a significant religious center for Jains.,24.1867,86.2894,October - March,"October,November,December,January,February,March",4.0,0.2,,"[{""name"": ""Parasnath Hills"", ""description"": ""Jain pilgrimage center, where twenty of the twenty-four Tirthankaras attained salvation.""}]",219316,175269,122364,260012,315544,215548,1,3,4,6.62,4.09,0,3,1,2,1
Jharkhand,Jamshedpur,Urban,"Industrial city with beautiful, well-maintained parks and lakes, famously known as the 'Steel City' of India. It's India's first planned industrial city.",22.8046,86.2029,October - February,"October,November,December,January,February",4.2,0.22,,"[{""name"": ""Jubilee Park"", ""description"": ""A sprawling, 225-acre garden and amusement center, gifted by Tata Steel, often compared to the Vrindavan Gardens, featuring fountains and a zoo.""},{""name"": ""Dimna Lake"", ""description"": ""An artificial reservoir nestled at the foothills of the Dalma Hills, popular for boating and serene picnics, serving as a main water source for the city.""}]",124964,197785,221281,173387,141763,280552,1,2,2,8.07,4.99,1,4,2,2,3
Haryana,Sukhna Lake,Lake,Man-made lake and recreation spot in Chandigarh.,30.7421,76.8188,October - March,"October,November,December,January,February,March",4.4,0.13,,"[{""name"": ""Sukhna Lake"", ""description"": ""Boating and leisure area at foothills of Shivalik.""}]",218509,233343,205949,262255,193849,356255,3,1,3,2.77,2.08,0,3,1,1,2
Karnataka,Bengaluru,Capital,IT hub and garden city.,12.9716,77.5946,October - February,"October,November,December,January,February",4.4,0.25,,"[{""name"": ""Lalbagh"", ""description"": ""Historic botanical garden.""}]",258944,64459,106267,300897,357546,72910,1,2,3,1.97,3.95,2,2,1,1,1
Karnataka,Mysuru,Heritage,City of palaces and culture.,12.2958,76.6394,October - February,"October,November,December,January,February",4.6,0.21,,"[{""name"": ""Mysore Palace"", ""description"": ""Royal heritage palace.""}]",255950,164589,236014,162727,294829,81917,1,3,4,6.69,2.31,1,2,1,1,3
Karnataka,Hampi,Heritage,"UNESCO World Heritage site, ruins of Vijayanagar.",15.335,76.46,October - March,"October,November,December,January,February,March",4.8,0.1,,"[{""name"": ""Vittala Temple"", ""description"": ""Iconic stone chariot temple.""}]",169006,211263,323692,188534,134210,169100,1,3,5,5.52,2.66,0,2,2,3,3
Karnataka,Kodagu,Nature,Hill station famous for coffee plantations (Also known as Coorg).,12.3375,75.8069,October - March,"October,November,December,January,February,March",4.7,0.13,,"[{""name"": ""Abbey Falls"", ""description"": ""Scenic waterfalls.""}]",286440,151991,260414,183827,331050,332496,3,3,2,7.39,3.32,3,4,1,3,2
Karnataka,Chikmagalur,Nature,Coffee land of Karnataka.,13.3161,75.772,September - March,"September,October,November,December,January,February,March",4.6,0.14,,"[{""name"": ""Mullayanagiri"", ""description"": ""Highest peak of Karnataka.""}]",254054,132267,222238,109359,339516,107900,1,1,4,2.48,4.43,3,3,2,1,2
Karnataka,Gokarna,Beach,Laid-back beach destination.,14.551,74.32,October - March,"October,November,December,January,February,March",4.5,0.2,,"[{""name"": ""Om Beach"", ""description"": ""Popular beach for relaxation.""}]",100583,205915,254315,224643,92388,123962,1,2,2,7.07,4.93,0,3,1,2,3
Karnataka,Badami,Heritage,Historic town renowned for cave temples.,15.9146,75.6768,October - March,"October,November,December,January,February,March",4.3,0.18,,"[{""name"": ""Cave Temples"", ""description"": ""Rock-cut architecture.""}]",88392,245068,113157,243776,236718,188182,3,2,3,2.91,3.96,3,1,3,3,1
Karnataka,Udupi,Religious,Famous temple town and Upanishad center.,13.3389,74.7461,October - March,"October,November,December,January,February,March",4.5,0.16,,"[{""name"": ""Sri Krishna Temple"", ""description"": ""Ancient Hindu temple.""}]",57461,288529,261380,75351,96130,162751,3,2,3,2.65,2.38,3,1,1,1,3
Karnataka,Jog Falls,Waterfall,Highest waterfall in Karnataka.,14.2222,74.7464,August - January,"August,September,October,November,December,January",4.6,0.15,,"[{""name"": ""Jog Falls"", ""description"": ""Spectacular cascade.""}]",150123,133417,125521,129297,216427,355591,3,3,5,2.65,2.4,3,3,1,2,2
Karnataka,Bijapur,Heritage,City with Islamic architecture and Gol Gumbaz.,16.8302,75.71,October - March,"October,November,December,January,February,March",4.2,0.17,,"[{""name"": ""Gol Gumbaz"", ""description"": ""Largest dome in India.""}]",60516,74845,258088,262361,240366,73300,1,1,3,7.2,3.82,1,3,3,3,1
Karnataka,Halebidu,Heritage,Hoysala capital known for intricate temple carvings.,13.2167,75.9833,October - March,"October,November,December,January,February,March",4.7,0.12,,"[{""name"": ""Hoysaleswara Temple"", ""description"": ""Magnificent Hoysala architecture.""}]",260357,109398,222208,80489,353554,351655,3,3,3,6.16,1.57,3,3,2,2,1
Karnataka,Belur,Heritage,Renowned for the Chennakesava Temple of Hoysala era.,13.1656,75.8653,October - March,"October,November,December,January,February,March",4.7,0.12,,"[{""name"": ""Chennakesava Temple"", ""description"": ""Exquisite stone carvings and sculptures.""}]",198586,103436,183584,69891,315362,340161,3,3,4,5.16,1.0,3,4,2,2,3
Karnataka,Shravanabelagola,Religious,Jain pilgrimage center with giant Bahubali statue.,12.8572,76.4878,October - March,"October,November,December,January,February,March",4.6,0.13,,"[{""name"": ""Gommateshwara Statue"", ""description"": ""57-foot monolithic statue of Bahubali.""}]",171251,180720,59868,297703,213759,263901,1,2,2,4.01,2.1,3,3,1,2,2
Karnataka,Chitradurga,Heritage,Fort city known for historical ruins and windmills.,14.2226,76.4003,October - February,"October,November,December,January,February",4.3,0.19,,"[{""name"": ""Chitradurga Fort"", ""description"": ""Massive hill fort with seven concentric walls.""}]",282034,61535,296902,155244,258698,233362,3,3,2,7.64,1.79,1,1,3,2,3
Karnataka,Sakleshpur,Hill Station,Serene hill town surrounded by coffee estates.,12.9436,75.7849,October - March,"October,November,December,January,February,March",4.5,0.16,,"[{""name"": ""Manjarabad Fort"", ""description"": ""Star-shaped fort built by Tipu Sultan.""}]",217340,157833,321076,278670,61567,354515,1,2,4,4.25,1.83,0,4,2,3,3
Karnataka,Dandeli,Adventure,Famous for river rafting and wildlife sanctuary.,15.2667,74.6167,October - March,"October,November,December,January,February,March",4.6,0.15,,"[{""name"": ""Dandeli Wildlife Sanctuary"", ""description"": ""Known for hornbills and adventure sports.""}]",271558,191575,85366,227406,64618,296406,2,1,5,7.22,1.55,2,3,1,3,3
Karnataka,Murudeshwar,Religious,Coastal town with world’s second tallest Shiva statue.,14.0943,74.4897,November - March,"November,December,January,February,March",4.7,0.14,,"[{""name"": ""Murudeshwar Temple"", ""description"": ""Famous for its massive Shiva statue.""}]",281496,260091,251794,198729,74832,228740,3,2,2,4.57,0.69,3,1,3,3,1
Karnataka,Nandi Hills,Scenic,Popular sunrise viewpoint near Bengaluru.,13.3701,77.6835,September - February,"September,October,November,December,January,February",4.5,0.18,,"[{""name"": ""Nandi Fort"", ""description"": ""Ancient hill fortress with panoramic views.""}]",217860,73300,85966,239347,193286,117421,2,1,3,4.14,0.58,0,4,2,1,1
Karnataka,Agumbe,Nature,Rainforest area known as the 'Cherrapunji of the South'.,13.494,75.0916,October - February,"October,November,December,January,February",4.6,0.11,,"[{""name"": ""Sunset Point"", ""description"": ""Famous for breathtaking Western Ghats sunset view.""}]",256821,314385,286412,215838,173720,313495,1,2,2,4.74,4.94,3,3,2,3,2
Karnataka,Gadag,Heritage,City known for ancient temples and architecture.,15.431,75.639,October - March,"October,November,December,January,February,March",4.2,0.2,,"[{""name"": ""Trikuteshwara Temple"", ""description"": ""Chalukya-era temple dedicated to Lord Shiva.""}]",242121,215663,67438,325022,272246,241598,3,3,3,3.61,2.42,1,3,3,2,2
Kerala,Kochi,Urban,"Port city known for colonial architecture, spices, and fishing nets.",9.9312,76.2673,October - March,"October,November,December,January,February,March",4.5,0.15,,"[{""name"": ""Fort Kochi"", ""description"": ""Colonial-era town and beach.""}]",112493,96462,319938,66027,261642,308557,1,3,5,6.73,2.23,0,3,3,3,3
Kerala,Munnar,Hill Station,"Tea-growing region, rolling hills and cool climate.",10.0889,77.0595,September - March,"September,October,November,December,January,February,March",4.7,0.13,,"[{""name"": ""Tea Gardens"", ""description"": ""Expansive tea plantations.""}]",86027,87102,267953,310227,125196,267555,2,1,4,5.02,3.56,1,4,3,2,3
Kerala,Alleppey,Backwaters,Known for its backwater cruises and houseboats.,9.4981,76.3388,November - February,"November,December,January,February",4.7,0.11,,"[{""name"": ""Backwaters"", ""description"": ""Houseboat and canoe rides.""}]",143547,116957,249417,340443,122048,239838,1,1,2,3.13,1.48,3,1,3,1,3
Kerala,Thekkady,Wildlife,Famous for Periyar Wildlife Sanctuary and spice plantations.,9.5312,77.1616,September - April,"September,October,November,December,January,February,March,April",4.6,0.14,,"[{""name"": ""Periyar Lake"", ""description"": ""Wildlife boat rides.""}]",223921,305890,154336,258699,82426,315200,3,1,4,7.8,4.77,3,1,1,2,2
Kerala,Wayanad,Hill Station,"Known for forests, wildlife, and waterfalls.",11.6854,76.132,October - May,"October,November,December,January,February,March,April,May",4.5,0.12,,"[{""name"": ""Edakkal Caves"", ""description"": ""Ancient petroglyphs.""}]",150127,63217,302698,227741,94900,262485,3,2,2,4.19,4.04,1,2,3,2,1
Kerala,Kovalam,Beach,One of the best beaches in South India.,8.4077,76.9789,November - February,"November,December,January,February",4.3,0.17,,"[{""name"": ""Lighthouse Beach"", ""description"": ""Golden sand beach.""}]",198930,281821,172682,251617,108464,150578,2,2,3,5.3,0.9,2,3,2,2,1
Kerala,Varkala,Beach,Beach town known for cliffs and natural springs.,8.7344,76.7041,November - March,"November,December,January,February,March",4.4,0.16,,"[{""name"": ""Varkala Cliff"", ""description"": ""Dramatic sea cliff beach.""}]",265234,261135,57424,100100,149779,179375,1,1,4,7.85,2.38,1,2,2,1,3
Kerala,Thrissur,Culture,"Cultural capital of Kerala, famous for Pooram festival.",10.5276,76.2144,October - March,"October,November,December,January,February,March",4.2,0.14,,"[{""name"": ""Vadakkunnathan Temple"", ""description"": ""UNESCO world heritage temple.""}]",129003,219756,157045,273954,63170,322215,3,3,2,5.87,4.46,3,2,1,3,3
Kerala,Kumarakom,Backwaters,"Famous for lakes, bird sanctuary, houseboats.",9.6164,76.4315,November - March,"November,December,January,February,March",4.5,0.12,,"[{""name"": ""Bird Sanctuary"", ""description"": ""Haven for migratory birds.""}]",233467,278378,150991,251408,110564,108947,2,2,3,2.32,4.75,1,1,2,3,3
Kerala,Bekal Fort,Heritage,Massive fort facing the Arabian Sea.,12.3964,75.0343,November - February,"November,December,January,February",4.5,0.11,,"[{""name"": ""Bekal Fort"", ""description"": ""Historic sea-facing fortress.""}]",89758,298848,89244,114972,313084,168258,3,2,4,8.08,2.6,2,4,2,1,3
Kerala,Palakkad,Nature,"Gateway to Kerala, known for Palakkad Fort and Silent Valley.",10.7867,76.6548,October - March,"October,November,December,January,February,March",4.3,0.14,,"[{""name"": ""Palakkad Fort"", ""description"": ""Historical fort built by Hyder Ali.""}]",104312,267914,112670,245322,283959,212048,3,2,4,5.89,3.26,1,4,3,2,2
Kerala,Kozhikode,Urban,"Historic port city, famous for beaches and biryani.",11.2588,75.7804,October - March,"October,November,December,January,February,March",4.4,0.15,,"[{""name"": ""Kappad Beach"", ""description"": ""Vasco da Gama landed here in 1498.""}]",118670,75632,92257,61906,134712,368771,1,1,2,3.84,1.25,2,1,2,3,1
Kerala,Trivandrum,Culture,"Capital city of Kerala, known for temples and museums.",8.5241,76.9366,October - February,"October,November,December,January,February",4.5,0.16,,"[{""name"": ""Padmanabhaswamy Temple"", ""description"": ""Richest temple in the world.""}]",297830,264382,168901,312665,235812,152120,3,1,2,2.47,4.96,2,4,1,1,3
Kerala,Poovar,Nature,Tropical village where river meets sea and lake.,8.3167,77.0833,November - February,"November,December,January,February",4.4,0.12,,"[{""name"": ""Poovar Island"", ""description"": ""Serene estuary and beach.""}]",132279,137347,314589,300735,118130,139387,1,1,2,7.06,1.54,1,2,3,3,2
Kerala,Nelliyampathy,Hill Station,Less crowded hill station with tea gardens and misty hills.,10.527,76.693,October - February,"October,November,December,January,February",4.6,0.1,,"[{""name"": ""Seetharkundu Viewpoint"", ""description"": ""Panoramic hill views.""}]",65434,127377,108973,327544,183673,212595,3,1,3,5.84,4.74,1,3,3,1,3
Kerala,Athirappilly,Waterfall,Known as the Niagara of India.,10.2859,76.569,September - January,"September,October,November,December,January",4.7,0.13,,"[{""name"": ""Athirappilly Falls"", ""description"": ""Largest waterfall in Kerala.""}]",245119,115254,263622,96770,220879,135865,2,1,2,5.23,3.42,0,1,1,2,3
Kerala,Marari,Beach,"Peaceful beach near Alleppey, known for Ayurveda resorts.",9.6046,76.295,November - February,"November,December,January,February",4.5,0.11,,"[{""name"": ""Marari Beach"", ""description"": ""Tranquil seaside village.""}]",228847,203197,316891,278658,211012,226051,3,3,4,7.76,3.23,3,3,3,3,1
Kerala,Pathanamthitta,Religious,Known for Sabarimala Temple and scenic countryside.,9.2648,76.787,November - January,"November,December,January",4.4,0.15,,"[{""name"": ""Sabarimala"", ""description"": ""Famous pilgrimage site dedicated to Lord Ayyappa.""}]",125769,146824,178438,332627,353522,303520,1,3,4,7.02,2.81,2,4,3,1,3
Kerala,Kannur,Culture,"Known for Theyyam rituals, beaches, and forts.",11.8745,75.3704,October - March,"October,November,December,January,February,March",4.3,0.12,,"[{""name"": ""St. Angelo Fort"", ""description"": ""Portuguese-built sea fort.""}]",295754,249659,222946,309954,179490,82262,1,1,2,2.56,1.54,0,3,1,3,1
Madhya Pradesh,Bhopal,Urban,Capital city known for lakes and heritage sites.,23.2599,77.4126,October - March,"October,November,December,January,February,March",4.2,0.19,,"[{""name"": ""Upper Lake"", ""description"": ""Scenic lake in the heart of city.""}]",116677,301558,226644,186564,62175,232747,2,2,2,3.68,1.29,1,4,3,3,1
Madhya Pradesh,Indore,Urban,"Commercial capital, known for food and culture.",22.7196,75.8577,October - March,"October,November,December,January,February,March",4.0,0.18,,"[{""name"": ""Rajwada Palace"", ""description"": ""Historic palace.""}]",133555,275441,163827,155337,171632,263851,3,1,5,3.24,1.49,3,4,1,3,1
Madhya Pradesh,Khajuraho,Heritage,Famous for UNESCO erotic temples.,24.8318,79.9199,October - March,"October,November,December,January,February,March",4.8,0.12,,"[{""name"": ""Khajuraho Temples"", ""description"": ""World Heritage temple complex.""}]",178379,301067,212278,296916,208186,350240,3,3,4,6.71,1.34,0,2,1,3,2
Madhya Pradesh,Gwalior,Heritage,"City of palaces, forts, and classical music.",26.2183,78.1828,October - March,"October,November,December,January,February,March",4.5,0.17,,"[{""name"": ""Gwalior Fort"", ""description"": ""Hilltop fort with palaces.""}]",266992,300133,228244,269710,161257,202147,2,3,3,1.73,4.01,2,4,2,1,2
Madhya Pradesh,Orchha,Heritage,"Medieval town by the Betwa River, known for palaces and temples.",25.3577,78.64,October - March,"October,November,December,January,February,March",4.2,0.15,,"[{""name"": ""Orchha Fort Complex"", ""description"": ""Collection of palaces and temples.""}]",289511,169093,319245,101662,359856,176165,3,2,5,5.49,2.08,0,2,2,2,1
Madhya Pradesh,Sanchi,Heritage,UNESCO world heritage Buddhist stupa complex.,23.4803,77.7369,October - March,"October,November,December,January,February,March",4.7,0.1,,"[{""name"": ""Sanchi Stupa"", ""description"": ""Ancient Buddhist monument.""}]",226806,174494,137177,274618,126331,62740,3,3,2,6.84,0.76,2,2,3,1,3
Madhya Pradesh,Pachmarhi,Hill Station,"Queen of Satpura, known for waterfalls and caves.",22.467,78.4333,October - June,"October,November,December,January,February,March,April,May,June",4.5,0.14,,"[{""name"": ""Bee Falls"", ""description"": ""Scenic waterfall in forest.""}]",151665,238522,285261,101864,109491,371920,1,1,2,7.64,4.86,1,2,3,1,1
Madhya Pradesh,Kanha National Park,Wildlife,One of India's best tiger reserves and forests.,22.3345,80.6115,October - June,"October,November,December,January,February,March,April,May,June",4.8,0.1,,"[{""name"": ""Kanha Tiger Reserve"", ""description"": ""National Park and wildlife.""}]",269575,256980,122336,161520,292780,108016,3,2,4,3.89,4.48,3,1,1,1,3
Madhya Pradesh,Ujjain,Religious,"Holy city on the Shipra river, hosts Kumbh Mela.",23.1765,75.7885,October - March,"October,November,December,January,February,March",4.6,0.13,,"[{""name"": ""Mahakaleshwar Temple"", ""description"": ""One of the twelve Jyotirlingas.""}]",221675,63367,260597,233898,132326,242360,3,1,2,7.25,4.67,3,1,3,2,1
Madhya Pradesh,Jabalpur,Urban,Famous for marble rocks of Bhedaghat.,23.1815,79.9864,October - March,"October,November,December,January,February,March",4.3,0.16,,"[{""name"": ""Marble Rocks"", ""description"": ""Gorges on Narmada river.""}]",257780,291091,109371,144572,340526,111352,2,1,3,2.27,4.98,3,4,1,3,3
Maharashtra,Mumbai,Urban,"India's financial capital, known for Bollywood, Gateway of India, Marine Drive.",19.076,72.8777,November - February,"November,December,January,February",4.8,0.18,,"[{""name"": ""Gateway of India"", ""description"": ""Iconic waterfront monument.""}]",262998,158401,145367,297687,267747,143810,2,2,4,7.43,1.28,1,2,1,3,2
Maharashtra,Pune,Urban,Cultural and academic hub with hill forts and temples.,18.5204,73.8567,October - February,"October,November,December,January,February",4.4,0.17,,"[{""name"": ""Shaniwar Wada"", ""description"": ""Historic fortification.""}]",118803,124411,173852,185650,311911,216412,1,1,2,2.39,2.28,2,1,3,3,3
Maharashtra,Aurangabad (Ajanta & Ellora Caves),Heritage,"Gateway to ancient Ajanta and Ellora caves, UNESCO sites.",19.8762,75.3433,November - February,"November,December,January,February",4.8,0.13,,"[{""name"": ""Ajanta & Ellora"", ""description"": ""Ancient rock-cut caves and sculptures.""}]",220404,208628,241483,306016,316569,126175,3,3,4,4.28,3.91,1,2,1,2,1
Maharashtra,Lonavala,Hill Station,"Monsoon getaway known for forts, caves, and chikki.",18.7481,73.4072,June - September,"June,July,August,September",4.7,0.15,,"[{""name"": ""Bhushi Dam"", ""description"": ""Popular monsoon spot.""}]",141703,182545,249965,231768,138741,266502,3,1,2,7.08,3.63,3,3,2,3,2
Maharashtra,Mahabaleshwar,Hill Station,Strawberry farming hill town with cool climate.,17.9307,73.6479,November - February,"November,December,January,February",4.6,0.1,,"[{""name"": ""Venna Lake"", ""description"": ""Serene lake for boating.""}]",71312,263901,207604,167603,62304,112677,3,2,2,2.55,1.19,1,3,3,2,3
Maharashtra,Nashik,Religious,"Holy city on Godavari, famous for Kumbh Mela & vineyards.",19.9975,73.7898,October - March,"October,November,December,January,February,March",4.2,0.12,,"[{""name"": ""Sula Vineyards"", ""description"": ""Popular vineyard tour and festival.""}]",274448,108272,265854,109796,187345,108085,1,2,2,3.1,4.17,1,3,2,3,3
Maharashtra,Shirdi,Religious,Pilgrimage town famous for Sai Baba temple.,19.7666,74.4753,October - February,"October,November,December,January,February",4.7,0.12,,"[{""name"": ""Sai Baba Temple"", ""description"": ""Prominent temple complex.""}]",265598,299315,318974,126663,309949,264712,1,2,3,6.56,1.51,1,4,3,3,3
Maharashtra,Alibaug,Beach,Beach destination near Mumbai.,18.6414,72.8722,November - February,"November,December,January,February",4.3,0.16,,"[{""name"": ""Alibaug Beach"", ""description"": ""Popular for water sports.""}]",225251,251439,139964,306166,152246,239658,2,1,3,6.54,1.51,2,2,1,1,3
Maharashtra,Kolhapur,Heritage,Cultural city known for temples and spicy cuisine.,16.7049,74.2433,October - March,"October,November,December,January,February,March",4.1,0.18,,"[{""name"": ""Mahalaxmi Temple"", ""description"": ""Major pilgrimage site.""}]",252514,297230,235251,238781,157358,286211,1,2,4,5.99,2.92,0,3,3,2,3
Maharashtra,Nagpur,Urban,Major city and tiger gateway of Central India.,21.1458,79.0882,October - March,"October,November,December,January,February,March",4.0,0.15,,"[{""name"": ""Deekshabhoomi"", ""description"": ""Buddhist monument and city landmark.""}]",295404,158638,180056,234006,62511,263933,3,2,2,6.36,3.17,0,1,2,1,2
Manipur,Imphal,Urban,"Capital, famous for Kangla Fort and Loktak Lake.",24.817,93.9368,October - March,"October,November,December,January,February,March",4.1,0.2,,"[{""name"": ""Kangla Fort"", ""description"": ""Ancient fort in city center.""}]",167961,77471,106120,165054,75486,238038,3,1,2,5.3,3.11,1,3,1,1,2
Manipur,Loktak Lake,Nature,Largest freshwater lake with floating islands.,24.4986,93.8037,October - March,"October,November,December,January,February,March",4.6,0.14,,"[{""name"": ""Loktak Lake"", ""description"": ""Famous phumdis and boating.""}]",90379,312215,161438,116151,206110,223810,1,3,3,3.26,0.91,0,3,3,1,2
Manipur,Keibul Lamjao National Park,Wildlife,Only floating national park with endangered Sangai deer.,24.5427,93.8222,October - March,"October,November,December,January,February,March",4.5,0.12,,"[{""name"": ""Keibul Lamjao"", ""description"": ""Unique floating ecosystem.""}]",67297,82376,297506,123796,246507,354086,3,1,2,3.92,4.45,0,3,3,2,2
Manipur,Kangla Fort,Heritage,Ancient fort and palace ruins.,24.8168,93.9367,October - March,"October,November,December,January,February,March",4.2,0.18,,"[{""name"": ""Kangla Fort"", ""description"": ""Historic site near Imphal River.""}]",52011,123799,306559,278333,97177,357733,3,2,3,2.77,1.7,1,4,3,2,1
Manipur,Moreh,Town,Border market town adjoining Myanmar.,24.4411,94.3615,October - March,"October,November,December,January,February,March",3.8,0.25,,"[{""name"": ""Border Bazaar"", ""description"": ""Indo-Myanmar market.""}]",297202,188932,296342,249077,148683,115070,1,2,2,7.86,1.08,1,1,2,3,2
Manipur,Thoubal,Nature,Town famous for wetland paddy fields and lakes.,24.6387,93.9966,November - February,"November,December,January,February",4.0,0.16,,"[{""name"": ""Waithou Lake"", ""description"": ""Famous wetland and birds.""}]",170234,206497,172651,223362,144985,127288,1,1,4,5.58,4.5,3,2,2,1,3
Manipur,Andro Village,Heritage,Community-run heritage village.,24.7582,94.0317,October - March,"October,November,December,January,February,March",4.3,0.13,,"[{""name"": ""Andro"", ""description"": ""Crafts and village museum.""}]",94014,213407,185297,234756,191040,136488,3,3,2,4.31,4.8,0,1,3,3,3
Manipur,Bishnupur,Religious,Temple town famous for Vishnu Temple.,24.5995,93.774,October - March,"October,November,December,January,February,March",4.0,0.17,,"[{""name"": ""Vishnu Temple"", ""description"": ""Teracotta temple heritage.""}]",293166,224989,260505,87067,341175,374580,3,2,2,4.73,4.38,2,2,1,1,2
Manipur,Ukhrul,Nature,Hill town and home of Shirui Lilly.,25.019,94.2483,May - June,"May,June",4.1,0.18,,"[{""name"": ""Shirui Kashong"", ""description"": ""Famous lily hills.""}]",192810,227501,193942,92121,158746,214935,3,2,5,8.13,4.14,1,4,1,2,3
Manipur,Sendra Island,Island,Island resort on Loktak Lake.,24.5738,93.836,October - March,"October,November,December,January,February,March",4.2,0.13,,"[{""name"": ""Sendra Resort"", ""description"": ""Lake view resort on the island.""}]",144333,226165,285985,132776,199807,267930,2,2,3,2.57,3.45,3,4,2,2,2
Meghalaya,Shillong,Hill Station,"Capital city, Scotland of the East.",25.5788,91.8933,March - June,"March,April,May,June,September,October",4.6,0.13,,"[{""name"": ""Ward’s Lake"", ""description"": ""Ornamental lake and gardens.""}]",228570,180870,258858,227310,318111,197646,2,1,2,5.6,2.98,2,4,1,2,3
Meghalaya,Cherrapunji,Nature,"One of the wettest places on Earth, root bridges.",25.2986,91.6937,October - May,"October,November,December,January,February,March,April,May",4.8,0.12,,"[{""name"": ""Living Root Bridges"", ""description"": ""Natural tree root bridges.""}]",61120,169751,62706,310895,154215,80838,2,2,2,5.04,0.89,0,4,2,1,1
Meghalaya,Dawki,Nature,"Crystal-clear Umngot River, adventure boating.",25.2097,92.021,November - February,"November,December,January,February",4.4,0.14,,"[{""name"": ""Umngot River"", ""description"": ""Boat rides on transparent river.""}]",297589,254387,329167,207493,241135,96310,1,3,5,5.78,2.34,3,2,3,2,1
Meghalaya,Mawlynnong,Village,Asia’s cleanest village.,25.1997,91.5822,September - May,"September,October,November,December,January,February,March,April,May",4.6,0.1,,"[{""name"": ""Sky View"", ""description"": ""Bamboo tower with sweeping views.""}]",189839,283995,327529,307720,278403,321682,2,2,5,1.63,2.18,1,3,2,1,2
Meghalaya,Jowai,Nature,Town of scenic lakes and valleys.,25.449,92.29,October - May,"October,November,December,January,February,March,April,May",4.3,0.13,,"[{""name"": ""Krang Suri Falls"", ""description"": ""Famous waterfall near Jowai.""}]",72852,182893,136639,174517,226495,94953,1,2,3,7.6,1.67,2,2,2,3,2
Meghalaya,Nongriat,Nature,Journey to double-decker living root bridge.,25.2736,91.7077,October - May,"October,November,December,January,February,March,April,May",4.7,0.1,,"[{""name"": ""Double Decker Root Bridge"", ""description"": ""Unique nature-made bridges.""}]",129239,309158,271057,216528,120619,117442,1,3,5,8.02,3.76,1,1,3,1,2
Meghalaya,Tura,Wildlife,Gateway to evergreen forests and Nokrek National Park.,25.518,90.2205,October - May,"October,November,December,January,February,March,April,May",4.2,0.17,,"[{""name"": ""Nokrek NP"", ""description"": ""Biodiverse rainforest.""}]",182001,222413,236403,318767,330775,316726,2,2,4,5.46,2.73,0,4,1,3,3
Meghalaya,Mawsynram,Nature,"Wettest place on Earth, cave explorations.",25.2986,91.5822,April - September,"April,May,June,July,August,September",4.5,0.09,,"[{""name"": ""Mawsmai Cave"", ""description"": ""Famous limestone caves.""}]",258559,270043,90673,306823,290109,353990,2,1,5,6.38,0.86,2,4,2,1,2
Meghalaya,Laitlum Canyons,Nature,"Grand canyon of the East, trekking and sightseeing.",25.5449,91.9397,March - May,"March,April,May",4.8,0.11,,"[{""name"": ""Laitlum"", ""description"": ""Canyon with spectacular views.""}]",299459,69894,80400,334868,331107,181787,2,1,4,7.96,1.49,0,1,2,3,1
Meghalaya,Balpakram National Park,Wildlife,"Mythical land called land of spirits, rich in flora and fauna.",25.2363,90.8292,October - March,"October,November,December,January,February,March",4.5,0.12,,"[{""name"": ""Balpakram NP"", ""description"": ""National park and wilderness.""}]",141575,197675,235460,202950,143054,63396,3,1,3,6.45,3.57,0,2,3,2,3
Mizoram,Aizawl,Capital,Capital and largest city atop a ridge.,23.7271,92.7176,October - March,"October,November,December,January,February,March",4.4,0.13,,"[{""name"": ""Durtlang Hills"", ""description"": ""City viewpoint.""}]",295221,283162,81387,239428,220197,77095,2,3,3,2.57,0.84,3,3,1,3,2
Mizoram,Lunglei,Hill Station,Second largest town with river views.,22.8815,92.7265,October - March,"October,November,December,January,February,March",4.2,0.1,,"[{""name"": ""Serkawn"", ""description"": ""Neighborhood and Baptist Church.""}]",145040,92749,137996,214144,217164,231882,3,2,3,5.53,4.33,1,3,2,2,3
Mizoram,Champhai,Nature,Frontier town famous for vineyards and vistas.,23.4577,93.3284,October - March,"October,November,December,January,February,March",4.3,0.11,,"[{""name"": ""Champhai Vineyards"", ""description"": ""Hilltop vineyards and border views.""}]",198510,180525,318076,90716,168010,288602,1,1,3,5.75,2.73,2,1,3,2,3
Mizoram,Reiek,Hill Station,Picnic and trekking spot with village huts.,23.7267,92.6208,November - February,"November,December,January,February",4.2,0.13,,"[{""name"": ""Reiek Peak"", ""description"": ""Panoramic viewpoint.""}]",229587,275075,75889,312216,299484,355541,3,3,3,4.47,2.66,0,3,2,3,2
Mizoram,Phawngpui Peak,Mountain,Highest peak in Mizoram also known as Blue Mountain.,22.6584,93.022,October - May,"October,November,December,January,February,March,April,May",4.6,0.09,,"[{""name"": ""Phawngpui National Park"", ""description"": ""Forest and trekking trails.""}]",55744,146549,154297,60614,253218,210870,2,2,4,6.66,3.17,0,2,3,1,3
Mizoram,Serchhip,Urban,Known for Vantawng Falls and handloom industry.,23.3017,92.8469,November - February,"November,December,January,February",4.1,0.13,,"[{""name"": ""Vantawng Falls"", ""description"": ""Highest waterfall in Mizoram.""}]",264892,178776,143396,78631,296960,344635,1,3,4,8.04,4.21,2,2,1,1,1
Mizoram,Tamdil Lake,Lake,"Largest natural lake in the state, boating spot.",23.7497,92.9266,October - March,"October,November,December,January,February,March",4.3,0.1,,"[{""name"": ""Tamdil Lake"", ""description"": ""Lake and picnic area.""}]",223489,191794,94689,74851,113779,226037,1,1,3,7.98,2.07,0,1,1,1,1
Mizoram,Murlen National Park,Wildlife,Biodiverse forest near Champhai.,23.667,93.333,October - March,"October,November,December,January,February,March",4.0,0.1,,"[{""name"": ""Murlen Park"", ""description"": ""Thick bamboo groves and caves.""}]",286356,78996,211315,123757,64965,68742,1,1,5,4.66,3.55,3,2,1,1,3
Mizoram,Dampa Tiger Reserve,Wildlife,Tiger reserve in the west of the state.,23.5647,92.3632,November - April,"November,December,January,February,March,April",4.5,0.09,,"[{""name"": ""Dampa Reserve"", ""description"": ""Wildlife sanctuary and forest.""}]",188141,52666,174099,184158,338160,67792,3,1,2,2.29,3.05,3,4,1,1,2
Mizoram,Thenzawl,Town,Known for waterfalls and handloom center.,23.4356,92.8364,November - February,"November,December,January,February",4.0,0.13,,"[{""name"": ""Thenzawl Falls"", ""description"": ""Vantawng and Tuirihiau Falls.""}]",92359,202877,72865,260035,169411,149125,2,3,3,8.39,1.7,3,1,2,2,3
Nagaland,Kohima,Urban,Capital city known for Hornbill Festival.,25.6701,94.1077,November - March,"November,December,January,February,March",4.3,0.13,,"[{""name"": ""War Cemetery"", ""description"": ""World War II memorial.""}]",200871,275080,192425,69016,151134,117436,1,3,5,7.37,4.45,3,2,2,1,1
Nagaland,Dimapur,Urban,"Entry city, commercial hub and ruins.",25.9086,93.7314,October - March,"October,November,December,January,February,March",4.0,0.18,,"[{""name"": ""Kachari Ruins"", ""description"": ""Megalithic ancient ruins.""}]",148746,223642,61532,282321,64820,109256,1,1,2,2.37,4.09,0,1,1,2,3
Nagaland,Mokokchung,Town,Cultural heartland of Ao Naga people.,26.3241,94.5282,October - March,"October,November,December,January,February,March",4.2,0.17,,"[{""name"": ""Longkhum Village"", ""description"": ""Ao tribal culture.""}]",274834,162601,179300,211996,72541,106090,1,3,3,7.95,3.46,2,3,1,2,3
Nagaland,Mon,Tribal,Famous for Konyak Nagas and tattooed headhunters.,26.7401,95.0632,October - March,"October,November,December,January,February,March",4.4,0.16,,"[{""name"": ""Longwa Village"", ""description"": ""Unique border village.""}]",170906,207174,251497,262438,292833,115268,3,1,3,7.59,4.33,2,2,1,2,1
Nagaland,Tuophema,Village,"Tourist village, model of Naga culture.",25.7533,94.273,November - March,"November,December,January,February,March",4.3,0.17,,"[{""name"": ""Tuophema Tourist Village"", ""description"": ""Traditional Naga huts and food.""}]",251260,165382,93569,175768,172635,91481,3,1,4,5.13,4.4,2,4,2,3,3
Nagaland,Wokha,Nature,Popular for Doyang river and Lotha Nagas.,26.1011,94.262,October - March,"October,November,December,January,February,March",4.0,0.18,,"[{""name"": ""Doyang Lake"", ""description"": ""Scenic lake and birding.""}]",270931,198781,309179,243745,72333,280642,2,2,2,5.64,3.69,2,2,1,3,3
Nagaland,Khonoma Village,Heritage,Asia's first green village.,25.7119,94.0011,October - March,"October,November,December,January,February,March",4.5,0.12,,"[{""name"": ""Khonoma"", ""description"": ""Eco-friendly village experience.""}]",288746,67980,283572,319808,325862,291038,3,3,2,4.29,4.27,1,1,1,2,2
Nagaland,Dzukou Valley,Valley,Spectacular valley and trekking hotspot.,25.6771,93.7853,June - September,"June,July,August,September",4.8,0.11,,"[{""name"": ""Dzukou Valley"", ""description"": ""Alpine flowers and treks.""}]",57597,292082,228928,147288,112516,113941,1,1,5,1.88,3.64,2,1,1,3,2
Nagaland,Longleng,Town,District HQ known for river valleys and forests.,26.4382,94.8098,October - March,"October,November,December,January,February,March",4.0,0.16,,"[{""name"": ""Yongam Village"", ""description"": ""Phom tribal homeland.""}]",97093,100906,327476,218251,207636,159418,2,1,4,3.85,3.56,1,2,3,1,1
Nagaland,Phek,Lake,Home to Shilloi Lake and ethnic tribal settings.,25.672,94.466,October - March,"October,November,December,January,February,March",4.2,0.14,,"[{""name"": ""Shilloi Lake"", ""description"": ""Natural lake surrounded by hills.""}]",218298,307352,248425,294142,218647,353868,1,3,4,7.12,3.28,1,4,1,1,1
Odisha,Bhubaneswar,Urban,"Temple city, capital of Odisha.",20.2961,85.8245,October - March,"October,November,December,January,February,March",4.3,0.16,,"[{""name"": ""Lingaraj Temple"", ""description"": ""Ancient Hindu temple.""}]",253199,180110,106829,118305,135531,229566,1,2,4,1.53,3.89,3,4,3,2,1
Odisha,Puri,Religious,Holy city famous for Jagannath Temple and beaches.,19.8135,85.8312,October - February,"October,November,December,January,February",4.7,0.13,,"[{""name"": ""Jagannath Temple"", ""description"": ""Major Hindu pilgrimage site.""}]",164650,140938,148173,136950,174800,127146,3,2,4,3.83,1.21,1,4,3,1,2
Odisha,Konark,Heritage,UNESCO World Heritage Sun Temple town.,19.8876,86.0946,November - February,"November,December,January,February",4.9,0.12,,"[{""name"": ""Konark Sun Temple"", ""description"": ""Stone chariot temple.""}]",272441,294634,311322,71641,125181,65953,2,1,2,4.29,4.46,0,1,1,2,1
Odisha,Chilika Lake,Lake,Asia’s largest brackish lagoon and birding haven.,19.6786,85.5077,November - February,"November,December,January,February",4.6,0.11,,"[{""name"": ""Chilika Lake"", ""description"": ""Dolphins and migratory birds.""}]",258434,249322,222966,333892,184107,178637,3,3,2,5.26,4.42,1,2,3,2,1
Odisha,Cuttack,Urban,Millennium city and business hub on Mahanadi river.,20.4625,85.8828,October - March,"October,November,December,January,February,March",4.0,0.16,,"[{""name"": ""Barabati Fort"", ""description"": ""Historic riverside fort.""}]",207489,127182,314375,88697,184797,131850,3,2,3,7.94,0.63,3,3,1,1,1
Odisha,Raghurajpur,Village,Pattachitra art village.,19.9812,85.8343,November - February,"November,December,January,February",4.7,0.12,,"[{""name"": ""Raghurajpur Village"", ""description"": ""Heritage arts and crafts.""}]",199765,111374,196412,136123,132153,274788,2,3,3,3.92,4.22,1,1,2,3,2
Odisha,Simlipal National Park,Wildlife,"Tiger reserve, forest and waterfalls.",21.7086,86.4031,November - April,"November,December,January,February,March,April",4.6,0.09,,"[{""name"": ""Simlipal Park"", ""description"": ""Tiger and elephant reserve.""}]",260746,264802,84783,316354,322953,321423,1,3,4,3.93,1.08,0,4,2,1,3
Odisha,Daringbadi,Hill Station,"‘Kashmir of Odisha’, cool hill getaway.",19.8866,84.1412,October - March,"October,November,December,January,February,March",4.5,0.1,,"[{""name"": ""Daringbadi"", ""description"": ""Pine forests and coffee gardens.""}]",170956,131001,270464,308971,86242,210117,1,1,4,6.66,2.01,0,2,2,1,1
Odisha,Berhampur,Urban,"South Odisha's largest city, close to Gopalpur beach.",19.3149,84.7941,October - March,"October,November,December,January,February,March",4.1,0.14,,"[{""name"": ""Gopalpur Beach"", ""description"": ""Palm-fringed beach.""}]",165598,288630,104065,310006,340248,257973,2,2,4,4.67,3.85,0,4,2,2,3
Odisha,Udayagiri,Heritage,Historic site with ancient caves and Buddhist ruins.,20.1263,85.7087,November - February,"November,December,January,February",4.2,0.12,,"[{""name"": ""Udayagiri Caves"", ""description"": ""Rock-cut caves and monastery ruins.""}]",234233,299693,148021,148301,357727,346803,1,1,3,3.07,1.22,3,3,3,2,1
Punjab,Amritsar,Religious,"Holy city, famous for the Golden Temple.",31.634,74.8723,October - March,"October,November,December,January,February,March",4.9,0.11,,"[{""name"": ""Golden Temple"", ""description"": ""Sacred Sikh pilgrimage.""}]",183241,202974,296539,95357,66046,76330,2,2,5,4.67,4.18,3,4,1,2,3
Punjab,Chandigarh,Urban,"Planned city and joint capital, famous for gardens and architecture.",30.7333,76.7794,October - March,"October,November,December,January,February,March",4.2,0.13,,"[{""name"": ""Rock Garden"", ""description"": ""Sculpture garden with recycled art.""}]",265164,206557,98033,221062,242823,158560,2,2,5,2.49,4.24,2,4,1,2,2
Punjab,Ludhiana,Urban,"Largest city, center for hosiery and industry.",30.9,75.8573,October - March,"October,November,December,January,February,March",4.0,0.18,,"[{""name"": ""Punjab Agricultural University Museum"", ""description"": ""Displays of Punjab rural life.""}]",203124,229724,270790,221006,195522,109435,3,2,3,2.73,2.78,3,3,1,3,2
Punjab,Jalandhar,Urban,"Prominent city, historic temples and sports manufacturing.",31.326,75.5762,October - March,"October,November,December,January,February,March",4.1,0.16,,"[{""name"": ""Devi Talab Mandir"", ""description"": ""Iconic old temple.""}]",252921,267261,89576,244854,72530,272521,2,2,3,4.99,0.53,0,2,2,3,1
Punjab,Anandpur Sahib,Religious,"Sikh pilgrimage site, birthplace of Khalsa.",31.2391,76.5011,October - March,"October,November,December,January,February,March",4.6,0.11,,"[{""name"": ""Takht Sri Kesgarh Sahib"", ""description"": ""Famous Sikh gurdwara.""}]",254923,237805,102639,211452,148545,286261,3,2,3,4.43,1.79,0,1,2,3,3
Punjab,Patiala,Heritage,"Known for palaces, gardens and cultural heritage.",30.3398,76.3869,October - March,"October,November,December,January,February,March",4.3,0.13,,"[{""name"": ""Qila Mubarak"", ""description"": ""Historic fort and palace.""}]",58036,241329,129214,327388,203674,70595,1,3,3,7.9,3.28,3,2,1,2,2
Punjab,Kapurthala,Urban,Royal heritage city with striking French and Indo-Saracenic architecture.,31.3801,75.381,October - March,"October,November,December,January,February,March",4.1,0.15,,"[{""name"": ""Jagatjit Palace"", ""description"": ""Splendid architectural landmark.""}]",81778,100961,247858,257351,93103,291035,1,1,3,4.04,4.92,1,3,2,2,1
Punjab,Wagah Border,Historical,Famous for India-Pakistan border ceremony.,31.6102,74.575,October - March,"October,November,December,January,February,March",4.7,0.14,,"[{""name"": ""Wagah"", ""description"": ""Ceremonial border closing.""}]",208806,59866,129022,211234,123663,175126,1,3,3,5.56,3.34,3,4,1,2,1
Punjab,Tarn Taran Sahib,Religious,Famous Sikh holy town.,31.4514,74.9253,October - March,"October,November,December,January,February,March",4.4,0.14,,"[{""name"": ""Tarn Taran Sahib Gurudwara"", ""description"": ""Historic Sikh shrine.""}]",204245,273666,160883,146743,277873,65477,1,2,4,5.93,1.67,3,2,1,3,2
Punjab,Bathinda,Urban,Historic city with massive fort.,30.214,74.9455,October - March,"October,November,December,January,February,March",3.9,0.2,,"[{""name"": ""Qila Mubarak"", ""description"": ""Landmark fort in Punjab.""}]",211475,241248,240817,96452,317011,288443,3,1,4,1.59,3.35,0,1,1,2,2
Rajasthan,Jaipur,Heritage,"Pink City, capital of Rajasthan.",26.9124,75.7873,October - March,"October,November,December,January,February,March",4.9,0.15,,"[{""name"": ""Amber Fort"", ""description"": ""Hilltop palace and fort.""}]",247393,146661,97245,69837,163615,336338,1,2,4,6.14,2.93,2,3,1,1,1
Rajasthan,Udaipur,Heritage,"Lake city, famous for palaces and havelis.",24.5854,73.7125,October - March,"October,November,December,January,February,March",4.8,0.14,,"[{""name"": ""City Palace"", ""description"": ""Majestic lakeside palace.""}]",252747,170158,272496,166867,140504,282935,2,1,4,2.75,4.01,0,2,1,1,3
Rajasthan,Jaisalmer,Heritage,"Golden city, famous for fort and sand dunes.",26.9157,70.9083,October - February,"October,November,December,January,February",4.7,0.16,,"[{""name"": ""Jaisalmer Fort"", ""description"": ""Living fort and havelis.""}]",187416,109449,102879,317849,232436,268092,2,3,3,8.23,0.98,2,1,1,2,3
Rajasthan,Jodhpur,Heritage,"Blue City, home to Mehrangarh Fort.",26.2389,73.0243,October - March,"October,November,December,January,February,March",4.7,0.15,,"[{""name"": ""Mehrangarh Fort"", ""description"": ""Massive fortress on a hill.""}]",68800,114038,139949,197856,101276,341191,2,1,5,2.54,3.92,0,3,1,1,3
Rajasthan,Mount Abu,Hill Station,Rajasthan’s only hill station with cool weather and lakes.,24.5925,72.7156,September - June,"September,October,November,December,January,February,March,April,May,June",4.2,0.18,,"[{""name"": ""Dilwara Temples"", ""description"": ""Marble Jain temple complex.""}]",75372,146035,199720,81170,130405,364215,3,1,2,4.4,2.94,3,1,2,1,1
Rajasthan,Bikaner,Heritage,City famous for forts and camel festival.,28.0229,73.3119,October - March,"October,November,December,January,February,March",4.3,0.16,,"[{""name"": ""Junagarh Fort"", ""description"": ""Large fort and palace.""}]",111516,312526,301939,156140,199456,260022,1,1,3,2.1,4.83,0,3,1,3,2
Rajasthan,Ajmer,Religious,"Pilgrimage city, home to Ajmer Sharif dargah.",26.4499,74.6399,October - March,"October,November,December,January,February,March",4.6,0.12,,"[{""name"": ""Ajmer Sharif"", ""description"": ""World-renowned Sufi shrine.""}]",70538,223617,208871,216585,327428,162122,1,1,2,8.48,2.04,0,4,1,2,1
Rajasthan,Pushkar,Religious,Renowned holy city with Brahma temple and lake.,26.489,74.5517,October - March,"October,November,December,January,February,March",4.5,0.13,,"[{""name"": ""Pushkar Lake"", ""description"": ""Serene waterbody surrounded by ghats.""}]",113918,106009,157678,202830,140276,369702,1,1,5,5.02,3.35,0,2,2,2,2
Rajasthan,Chittorgarh,Heritage,Largest fort complex in India.,24.8894,74.6269,October - March,"October,November,December,January,February,March",4.4,0.13,,"[{""name"": ""Chittorgarh Fort"", ""description"": ""Massive citadel and palaces.""}]",196045,262263,225878,285800,248665,366726,3,2,4,5.67,4.69,3,1,2,3,3
Rajasthan,Ranthambore,Wildlife,National park and tiger reserve.,26.0173,76.5026,October - June,"October,November,December,January,February,March,April,May,June",4.8,0.15,,"[{""name"": ""Ranthambore NP"", ""description"": ""Wildlife and tiger spotting.""}]",121155,237120,302507,310910,289322,318756,2,1,5,1.97,0.96,3,3,2,1,3
Sikkim,Gangtok,Hill Station,"Capital city, base for eastern Himalayas trekking.",27.3389,88.6065,March - June,"March,April,May,June",4.7,0.15,,"[{""name"": ""MG Marg"", ""description"": ""Main street of Gangtok.""}]",281312,80762,278390,230607,301173,254258,2,1,3,6.75,4.72,3,1,1,1,2
Sikkim,Pelling,Hill Station,"Panoramic Himalayan views, historic monasteries.",27.1817,88.2773,March - June,"March,April,May,June",4.6,0.14,,"[{""name"": ""Pemayangtse Monastery"", ""description"": ""Ancient Buddhist monastery.""}]",109500,213998,300920,162285,223626,118868,1,3,4,2.97,3.6,3,1,3,2,2
Sikkim,Lachung,Mountain,Gateway to Yumthang Valley and snow points.,27.6942,88.7437,March - May,"March,April,May",4.5,0.13,,"[{""name"": ""Lachung Monastery"", ""description"": ""Old Tibetan Buddhist monastery.""}]",217647,81889,106868,133333,226418,326252,2,1,3,7.79,0.81,2,2,3,1,1
Sikkim,Yumthang Valley,Nature,Valley of flowers & hot springs.,27.8006,88.7406,April - June,"April,May,June",4.8,0.11,,"[{""name"": ""Yumthang Valley"", ""description"": ""Springtime flower fields.""}]",286527,118178,173846,73242,269277,224967,2,3,4,2.94,1.85,2,4,2,3,3
Sikkim,Nathula Pass,Mountain Pass,Historic Silk Route pass on Indo-China border.,27.3826,88.8315,May - October,"May,June,July,August,September,October",4.5,0.2,,"[{""name"": ""Nathula"", ""description"": ""Snow-clad border point.""}]",223333,251194,114521,246106,77908,96496,3,2,2,2.83,3.69,1,1,3,3,1
Sikkim,Tsomgo Lake,Lake,Scenic glacial lake surrounded by mountains.,27.3756,88.7491,April - June,"April,May,June",4.6,0.13,,"[{""name"": ""Tsomgo Lake"", ""description"": ""Pristine glacial lake.""}]",160659,273729,214556,95767,195771,222023,3,1,2,1.76,0.8,3,3,2,2,1
Sikkim,Ravangla,Hill Station,Serene hamlet with monastery and mountain views.,27.3089,88.3704,March - June,"March,April,May,June",4.3,0.11,,"[{""name"": ""Buddha Park"", ""description"": ""Gigantic Buddha statue park.""}]",77716,213687,320244,342034,192303,90012,3,3,2,4.8,3.12,2,3,1,3,1
Sikkim,Namchi,Town,Religious and cultural site in South Sikkim.,27.1757,88.3689,March - June,"March,April,May,June",4.2,0.13,,"[{""name"": ""Char Dham"", ""description"": ""Statues of Shiva and pilgrimage replicas.""}]",184308,227090,318090,174763,308680,256493,3,3,5,5.45,2.06,0,4,3,3,3
Sikkim,Zuluk,Village,Scenic village on the historic Silk Route.,27.2832,88.7915,April - June,"April,May,June",4.5,0.14,,"[{""name"": ""Zuluk Loops"", ""description"": ""Winding mountain roads.""}]",196920,137351,86160,231086,180356,172403,1,2,3,1.96,3.29,3,3,1,2,1
Sikkim,Lachen,Village,"Northern Sikkim village, base for Gurudongmar Lake trips.",27.7066,88.5567,May - June,"May,June",4.6,0.13,,"[{""name"": ""Gurudongmar Lake"", ""description"": ""Sacred high-altitude lake.""}]",52352,110358,179202,72507,61042,229952,3,1,5,6.93,0.71,1,4,3,3,1
Tamil Nadu,Chennai,Urban,"Capital of Tamil Nadu, known for temples and Marina beach.",13.0827,80.2707,November - February,"November,December,January,February",4.4,0.18,,"[{""name"": ""Marina Beach"", ""description"": ""One of the longest urban beaches.""}]",183004,264478,69153,133648,176505,342971,2,1,2,4.67,4.42,1,3,1,3,1
Tamil Nadu,Madurai,Religious,City famous for Meenakshi Amman temple.,9.9252,78.1198,October - March,"October,November,December,January,February,March",4.7,0.14,,"[{""name"": ""Meenakshi Temple"", ""description"": ""Historic Hindu temple.""}]",126449,233833,120157,305343,61216,225657,1,3,3,5.17,4.88,1,2,3,3,1
Tamil Nadu,Ooty,Hill Station,Popular hill station with botanical gardens.,11.4115,76.695,April - June,"April,May,June",4.6,0.13,,"[{""name"": ""Botanical Gardens"", ""description"": ""Lush gardens with diverse flora.""}]",58556,163928,83436,154146,72123,198952,2,1,2,4.59,4.86,0,1,1,1,1
Tamil Nadu,Kodaikanal,Hill Station,Hill station famous for lakes and waterfalls.,10.2381,77.489,April - June,"April,May,June",4.5,0.15,,"[{""name"": ""Kodaikanal Lake"", ""description"": ""Man-made lake popular for boating.""}]",136836,298309,89406,82390,316312,213658,2,3,5,4.31,3.87,2,2,1,2,1
Tamil Nadu,Rameswaram,Religious,Important Hindu pilgrimage town.,9.2867,79.312,October - February,"October,November,December,January,February",4.6,0.12,,"[{""name"": ""Ramanathaswamy Temple"", ""description"": ""One of the Char Dhams.""}]",186570,72458,328353,128824,192380,72532,2,1,5,5.42,1.09,0,1,3,2,3
Tamil Nadu,Kanchipuram,Religious,City known for temples and silk sarees.,12.8342,79.7036,October - February,"October,November,December,January,February",4.3,0.15,,"[{""name"": ""Kamakshi Amman Temple"", ""description"": ""Historic Hindu temple.""}]",257190,264963,304848,250926,332494,143656,3,3,5,2.59,3.91,3,1,1,2,1
Tamil Nadu,Coimbatore,Urban,"Known as Manchester of South India, famous for industries and temples.",11.0168,76.9558,November - March,"November,December,January,February,March",4.4,0.17,,"[{""name"": ""Marudhamalai Temple"", ""description"": ""Hilltop temple dedicated to Lord Murugan.""}]",100098,86522,135742,285166,257436,148552,3,1,2,2.77,0.61,1,1,1,1,2
Tamil Nadu,Thanjavur,Heritage,Historic city famous for Brihadeeswarar Temple and art.,10.787,79.1378,November - March,"November,December,January,February,March",4.8,0.13,,"[{""name"": ""Brihadeeswarar Temple"", ""description"": ""UNESCO World Heritage Chola temple.""}]",245458,246178,71993,106134,326012,104581,1,2,3,7.53,0.6,0,2,1,1,1
Tamil Nadu,Tiruchirappalli,Religious,"City on the banks of the Kaveri River, known for Rockfort Temple.",10.7905,78.7047,November - February,"November,December,January,February",4.5,0.14,,"[{""name"": ""Rockfort Temple"", ""description"": ""Ancient temple complex on a massive rock.""}]",162169,196208,138843,248551,158890,74096,1,1,3,8.12,1.96,0,1,3,2,1
Tamil Nadu,Kanyakumari,Scenic,Southernmost tip of India where three seas meet.,8.0883,77.5385,October - March,"October,November,December,January,February,March",4.9,0.11,,"[{""name"": ""Vivekananda Rock Memorial"", ""description"": ""Monument dedicated to Swami Vivekananda on a rock island.""}]",190641,298093,152988,210001,87897,279138,3,1,2,4.11,2.7,2,2,3,1,3
Telangana,Hyderabad,Urban,Capital city known for heritage sites and IT industry.,17.385,78.4867,October - February,"October,November,December,January,February",4.6,0.18,,"[{""name"": ""Charminar"", ""description"": ""Iconic monument of Hyderabad.""}]",297199,195975,60996,249835,324278,285920,2,2,3,3.4,3.97,2,4,1,2,3
Telangana,Warangal,Heritage,Known for historic forts and temples.,17.9689,79.6014,October - February,"October,November,December,January,February",4.3,0.14,,"[{""name"": ""Warangal Fort"", ""description"": ""Historical fort ruins.""}]",176060,291835,150895,105247,269505,122510,1,1,2,6.01,3.57,1,3,1,1,2
Telangana,Nizamabad,Urban,Known for bazaars and temples.,18.6726,78.0941,October - February,"October,November,December,January,February",4.0,0.16,,"[{""name"": ""Nizamabad Fort"", ""description"": ""Ancient fort with museum.""}]",237954,207145,244626,87026,252159,80853,3,2,3,4.36,2.51,0,3,3,3,2
Telangana,Adilabad,Nature,Known for waterfalls and forests.,19.6667,78.5333,October - March,"October,November,December,January,February,March",4.2,0.15,,"[{""name"": ""Kuntala Waterfalls"", ""description"": ""Highest waterfall in Telangana.""}]",251465,171727,268549,229262,246290,227177,3,1,4,1.68,1.73,0,1,3,3,3
Telangana,Khammam,Urban,Historical town with rich culture.,17.2473,80.1514,October - February,"October,November,December,January,February",4.0,0.17,,"[{""name"": ""Khammam Fort"", ""description"": ""Historic fort and park.""}]",180544,285602,125137,57700,69628,337853,3,3,4,2.59,4.99,2,2,1,2,3
Telangana,Medak,Historical,Known for Medak Cathedral and forts.,17.8697,78.2696,October - February,"October,November,December,January,February",4.1,0.14,,"[{""name"": ""Medak Cathedral"", ""description"": ""One of the largest churches in Asia.""}]",50340,235431,315218,163608,315943,248701,2,3,5,6.51,2.42,0,3,1,1,1
Telangana,Karimnagar,Urban,Known for archaeological sites and temples.,18.4386,79.1288,October - February,"October,November,December,January,February",4.0,0.15,,"[{""name"": ""Elgandal Fort"", ""description"": ""Historical fort.""}]",225021,148278,97757,97747,341836,295855,3,1,4,6.11,2.53,0,2,1,1,3
Telangana,Bhongir,Historical,Famous for Bhongir Fort on a monolithic rock.,17.5129,78.8886,October - February,"October,November,December,January,February",4.2,0.14,,"[{""name"": ""Bhongir Fort"", ""description"": ""Fort atop a hill.""}]",132302,192460,161222,326212,163136,282008,3,1,4,1.69,1.24,0,2,2,3,2
Telangana,Ananthagiri Hills,Nature,Scenic hill and forest area near Vikarabad.,17.3863,77.8419,October - March,"October,November,December,January,February,March",4.3,0.13,,"[{""name"": ""Ananthagiri Forest"", ""description"": ""Hiking and nature walks.""}]",243515,302153,191123,269541,269850,160677,3,1,4,3.05,4.08,2,1,3,3,1
Telangana,Nagarjuna Sagar,Nature,Famous dam and reservoir on Krishna River.,16.5513,79.2883,October - February,"October,November,December,January,February",4.1,0.12,,"[{""name"": ""Nagarjuna Sagar Dam"", ""description"": ""One of the largest dams in India.""}]",272740,241255,191141,222161,240441,130398,3,3,2,3.12,3.62,1,3,2,1,2
Tripura,Agartala,Urban,Capital city known for temples and palaces.,23.8315,91.2868,October - February,"October,November,December,January,February",4.0,0.15,,"[{""name"": ""Ujjayanta Palace"", ""description"": ""Royal palace turned museum.""}]",255099,179317,192369,178721,170194,368930,1,1,4,6.2,1.49,3,1,3,1,1
Tripura,Udaipur,Heritage,Known for lakes and historical sites.,23.5517,91.4914,October - February,"October,November,December,January,February",4.2,0.13,,"[{""name"": ""Lake Rudrasagar"", ""description"": ""Scenic triple-lake system.""}]",50138,188699,233139,144008,171249,177583,1,3,4,1.64,0.87,1,1,3,1,3
Tripura,Neermahal,Heritage,Water palace on a lake.,23.5932,91.7078,October - February,"October,November,December,January,February",4.1,0.14,,"[{""name"": ""Neermahal Palace"", ""description"": ""Lake palace in Udaipur.""}]",181430,305613,196227,109036,163996,253388,3,2,5,2.23,3.56,3,3,3,1,2
Tripura,Unakoti,Heritage,Ancient rock carvings and pilgrimage site.,24.1264,91.631,October - February,"October,November,December,January,February",4.0,0.15,,"[{""name"": ""Unakoti"", ""description"": ""Rock-cut stone carvings.""}]",169619,304516,263668,155354,239194,307230,2,3,4,7.1,3.45,0,3,3,1,1
Tripura,Jampui Hills,Hill Station,Hill range with scenic views.,24.3832,91.4531,October - March,"October,November,December,January,February,March",4.3,0.12,,"[{""name"": ""Jampui Hills"", ""description"": ""Tea gardens and scenic landscapes.""}]",256322,86563,271949,115826,232712,247131,1,3,4,2.75,1.73,1,4,3,1,1
Tripura,Sepahijala Wildlife Sanctuary,Wildlife,Sanctuary with diverse flora and fauna.,23.5075,91.2488,October - February,"October,November,December,January,February",4.6,0.1,,"[{""name"": ""Sepahijala Sanctuary"", ""description"": ""Wildlife reserve with tropical animals.""}]",135376,302439,308283,206870,162213,269665,3,2,3,6.07,4.78,3,4,3,2,3
Tripura,Chabimura,Heritage,Rock carvings on cliffside.,23.3724,91.7572,October - February,"October,November,December,January,February",4.0,0.15,,"[{""name"": ""Chabimura"", ""description"": ""Ancient rock sculptures.""}]",149931,231211,82909,96506,181345,148718,1,3,5,3.17,1.18,2,2,3,1,3
Tripura,Dumboor Lake,Lake,Largest lake in Tripura.,23.5656,91.5246,October - February,"October,November,December,January,February",4.4,0.13,,"[{""name"": ""Dumboor Lake"", ""description"": ""Fishing and boating.""}]",211726,295390,59006,141628,84030,266555,1,1,5,2.2,2.45,2,3,2,3,3
Tripura,Trishna Wildlife Sanctuary,Wildlife,Known for elephant and deer population.,23.65,91.5994,October - February,"October,November,December,January,February",4.5,0.12,,"[{""name"": ""Trishna Sanctuary"", ""description"": ""Elephants and birds.""}]",206951,117986,229980,139804,222636,300336,2,1,5,3.2,4.75,1,4,1,2,2
Tripura,Melaghar,Urban,Small town known for natural beauty and temples.,23.3211,91.4585,October - February,"October,November,December,January,February",3.9,0.16,,"[{""name"": ""Melaghar"", ""description"": ""Local temples and tradition.""}]",131532,306040,92470,105027,136332,188947,3,3,5,6.56,2.39,1,2,1,1,1
Uttar Pradesh,Agra,Heritage,Home to Taj Mahal and historic forts.,27.1767,78.0081,October - March,"October,November,December,January,February,March",4.9,0.15,,"[{""name"": ""Taj Mahal"", ""description"": ""Iconic marble mausoleum""}]",105778,149228,303487,289287,145011,299898,3,1,5,7.49,3.37,0,2,2,3,3
Uttar Pradesh,Varanasi,Religious,One of the oldest inhabited cities in world.,25.3176,82.9739,October - March,"October,November,December,January,February,March",4.8,0.14,,"[{""name"": ""Kashi Vishwanath Temple"", ""description"": ""Important Hindu pilgrimage spot""}]",87772,99498,70534,85810,188684,76971,2,3,5,7.31,2.29,1,2,2,2,2
Uttar Pradesh,Lucknow,Culture,"Capital of UP, known for Nawabi heritage and cuisine.",26.8467,80.9462,October - March,"October,November,December,January,February,March",4.4,0.18,,"[{""name"": ""Bara Imambara"", ""description"": ""Historic monument and mosque""}]",108478,77151,226481,97376,318039,159123,2,1,2,4.28,1.73,0,4,2,3,2
Uttar Pradesh,Mathura,Religious,"Birthplace of Lord Krishna, holy city.",27.4924,77.6737,October - March,"October,November,December,January,February,March",4.6,0.13,,"[{""name"": ""Vishram Ghat"", ""description"": ""Holy bathing ghat on Yamuna river""}]",245425,186775,130274,325295,277083,87720,3,1,4,6.18,4.93,0,3,2,1,2
Uttar Pradesh,Vrindavan,Religious,Famous for Krishna temples and festivals.,27.5726,77.6982,October - March,"October,November,December,January,February,March",4.5,0.14,,"[{""name"": ""Banke Bihari Temple"", ""description"": ""Popular Krishna temple""}]",76762,127946,116319,79256,269398,281822,3,3,5,2.93,2.34,2,1,3,1,3
Uttar Pradesh,Allahabad (Prayagraj),Religious,Known for Triveni Sangam and Kumbh Mela.,25.4358,81.8463,January - March,"January,February,March",4.3,0.17,,"[{""name"": ""Sangam"", ""description"": ""Confluence of three rivers""}]",194355,151441,110089,62298,329857,142465,2,1,4,3.55,4.52,2,2,1,1,3
Uttar Pradesh,Ayodhya,Religious,"Birthplace of Lord Rama, historic city.",26.7993,82.2056,October - March,"October,November,December,January,February,March",4.6,0.12,,"[{""name"": ""Ram Janmabhoomi"", ""description"": ""Sacred Hindu site""}]",244994,142501,277171,183274,216358,212522,1,3,4,7.77,1.53,3,4,3,1,1
Uttar Pradesh,Jhansi,Historical,Famous for Jhansi Fort and Rani Laxmibai.,25.4486,78.568,October - March,"October,November,December,January,February,March",4.0,0.19,,"[{""name"": ""Jhansi Fort"", ""description"": ""Historic fort and museum""}]",220492,202914,208761,87860,263493,338578,1,1,2,1.59,1.46,2,4,1,2,1
Uttar Pradesh,Sarnath,Religious,Important Buddhist pilgrimage site near Varanasi.,25.4065,83.0188,October - March,"October,November,December,January,February,March",4.5,0.14,,"[{""name"": ""Dhamek Stupa"", ""description"": ""Buddhist stupa and archaeological site""}]",105568,155964,292824,266244,66801,277593,2,1,5,2.1,0.64,2,1,1,2,3
Uttar Pradesh,Noida,Urban,"Modern city, part of the NCR of Delhi.",28.5355,77.391,October - March,"October,November,December,January,February,March",4.1,0.2,,"[{""name"": ""Okhla Bird Sanctuary"", ""description"": ""Urban bird sanctuary""}]",135090,68640,219851,138350,327050,87495,1,2,3,2.96,3.43,1,1,2,3,2
Uttarakhand,Dehradun,Urban,Capital city and gateway to hill stations.,30.3165,78.0322,March - June,"March,April,May,June",4.3,0.14,,"[{""name"": ""Robber’s Cave"", ""description"": ""Natural cave formation.""}]",70219,83785,208198,251431,273920,188652,2,2,2,1.69,2.16,2,4,3,1,2
Uttarakhand,Rishikesh,Spiritual,"Yoga capital of the world, on Ganges River.",30.0869,78.2676,February - April,"February,March,April",4.7,0.12,,"[{""name"": ""Laxman Jhula"", ""description"": ""Suspension bridge over Ganges.""}]",107169,251311,138878,260918,147879,170747,1,3,3,2.77,4.39,3,3,2,3,2
Uttarakhand,Haridwar,Religious,"Gateway to the Char Dham, sacred city.",29.9457,78.1642,January - March,"January,February,March",4.5,0.15,,"[{""name"": ""Har Ki Pauri"", ""description"": ""Famous bathing ghat on Ganges.""}]",281527,314335,94810,299941,246586,107413,1,2,4,5.58,2.63,1,1,3,2,1
Uttarakhand,Nainital,Hill Station,Popular hill station known for lakes.,29.3806,79.4636,April - June,"April,May,June",4.6,0.13,,"[{""name"": ""Naini Lake"", ""description"": ""Scenic lake for boating.""}]",124965,284586,66232,159609,158378,217710,3,3,4,4.45,4.86,3,4,1,1,2
Uttarakhand,Mussoorie,Hill Station,Queen of the Hills. Cool climate and scenic vistas.,30.459,78.0667,March - June,"March,April,May,June",4.7,0.14,,"[{""name"": ""Camel's Back Road"", ""description"": ""Popular walking trail.""}]",227912,156267,177194,240389,187359,270977,3,2,2,7.75,1.33,2,1,2,1,1
Uttarakhand,Jim Corbett,Wildlife,First national park of India known for tigers.,29.5304,78.7744,November - June,"November,December,January,February,March,April,May,June",4.8,0.11,,"[{""name"": ""Jim Corbett NP"", ""description"": ""Tiger reserve and jungle safaris.""}]",225767,179121,268555,305858,72901,216373,1,1,2,7.22,4.41,3,3,2,2,1
Uttarakhand,Badrinath,Religious,One of the Char Dhams and holy pilgrimage town.,30.7433,79.4931,May - October,"May,June,July,August,September,October",4.7,0.12,,"[{""name"": ""Badrinath Temple"", ""description"": ""Sacred Hindu temple.""}]",286281,150816,296964,306951,115461,105866,1,3,3,3.89,3.99,1,2,1,2,2
Uttarakhand,Kedarnath,Religious,Famous for ancient Kedarnath temple.,30.7344,79.0665,May - October,"May,June,July,August,September,October",4.6,0.14,,"[{""name"": ""Kedarnath Temple"", ""description"": ""One of the twelve Jyotirlingas.""}]",134754,169073,261599,138612,211978,271015,3,3,5,3.32,3.97,0,1,1,2,2
Uttarakhand,Almora,Hill Station,Picturesque town with cultural richness.,29.597,79.6536,March - June,"March,April,May,June",4.3,0.16,,"[{""name"": ""Bright End Corner"", ""description"": ""Sunrise viewpoint.""}]",127988,109242,222875,272844,68822,322891,3,1,3,4.16,4.3,3,3,1,2,3
Uttarakhand,Auli,Hill Station,Famous ski resort and mountain destination.,30.5467,79.5936,December - February,"December,January,February",4.6,0.13,,"[{""name"": ""Skiing Slopes"", ""description"": ""Popular winter sports venue.""}]",239414,131624,233622,303581,312148,198680,3,3,2,5.63,3.92,3,4,2,2,3
West Bengal,Kolkata,Capital,Capital and cultural hub.,22.5726,88.3639,October - March,"October,November,December,January,February,March",4.5,0.16,,"[{""name"": ""Victoria Memorial"", ""description"": ""Iconic colonial monument.""}]",295588,265062,248945,330611,166602,343318,2,3,3,3.38,3.32,1,1,3,1,2
West Bengal,Darjeeling,Hill Station,Famous for tea gardens and the scenic Himalayan railway.,27.036,88.2627,March - June,"March,April,May,June",4.7,0.14,,"[{""name"": ""Darjeeling Himalayan Railway"", ""description"": ""World Heritage steam train.""}]",200023,134773,167168,176629,176991,321967,1,2,2,5.87,1.09,1,1,2,2,1
West Bengal,Sundarbans,Nature,"Largest mangrove forest in the world, home to Royal Bengal Tigers.",21.9497,88.8055,November - February,"November,December,January,February",4.6,0.13,,"[{""name"": ""Sundarbans National Park"", ""description"": ""UNESCO site for wildlife.""}]",182379,69521,158161,220397,94712,84217,3,3,3,4.37,0.65,3,4,3,1,1
West Bengal,Kalimpong,Hill Station,Mountain town famous for monasteries and orchids.,27.0634,88.5331,March - June,"March,April,May,June",4.5,0.14,,"[{""name"": ""Zang Dhok Palri Monastery"", ""description"": ""Prominent Tibetan Buddhist monastery.""}]",130388,163197,193249,208218,266599,322182,1,1,2,5.36,4.64,2,2,2,1,1
West Bengal,Digha,Beach,Popular seaside resort on the Bay of Bengal.,21.6361,87.5289,October - February,"October,November,December,January,February",4.1,0.18,,"[{""name"": ""New Digha Beach"", ""description"": ""Clean sandy beach for tourists.""}]",140768,58634,151682,229650,182337,371965,2,2,2,4.55,3.27,3,4,2,2,1
West Bengal,Shantiniketan,Culture,Home of Visva-Bharati University and Rabindranath Tagore.,23.6822,87.6982,October - March,"October,November,December,January,February,March",4.3,0.13,,"[{""name"": ""Visva-Bharati University"", ""description"": ""Cultural and educational landmark.""}]",85428,256396,260106,341821,282232,164338,2,2,2,3.56,4.08,1,1,1,2,1
West Bengal,Murshidabad,Historical,Historic city once capital of Bengal.,24.1759,88.2736,October - March,"October,November,December,January,February,March",4.0,0.15,,"[{""name"": ""Hazarduari Palace"", ""description"": ""Famous palace museum.""}]",289779,122694,316418,102573,95391,119891,3,1,5,8.14,2.67,0,4,3,1,3
West Bengal,Dooars,Nature,Region of forested foothills famous for wildlife.,26.737,88.8187,November - March,"November,December,January,February,March",4.5,0.12,,"[{""name"": ""Gorumara National Park"", ""description"": ""Popular wildlife sanctuary.""}]",142021,184523,229639,183888,327982,217103,2,1,3,6.85,1.03,0,3,2,2,2
West Bengal,Bishnupur,Heritage,Famous for terracotta temples and crafts.,23.0267,87.2995,October - March,"October,November,December,January,February,March",4.3,0.14,,"[{""name"": ""Terracotta Temples"", ""description"": ""Historic temple architecture.""}]",168418,100766,140756,208680,305533,308871,1,2,3,2.48,1.06,2,4,2,2,3
West Bengal,Jalpaiguri,Urban,Gateway to Dooars and tea gardens.,26.5164,88.7234,November - March,"November,December,January,February,March",4.1,0.15,,"[{""name"": ""Tea Gardens"", ""description"": ""Lush plantations and eco tourism.""}]",256846,70883,147826,171698,98048,118145,3,3,3,7.58,3.59,3,1,1,2,1
Jammu Kashmir,Srinagar,Nature,"Srinagar, the summer capital of Jammu and Kashmir, is famous for its Dal Lake, houseboats, Mughal gardens, and traditional Kashmiri culture.",34.0837,74.7973,April to October,"['May', 'June', 'July', 'August', 'September']",4.8,0.2,"['https://upload.wikimedia.org/wikipedia/commons/7/7d/Dal_Lake_Srinagar.jpg', 'https://upload.wikimedia.org/wikipedia/commons/f/f3/Shikara_on_Dal_Lake.jpg']","['Dal Lake', 'Nishat Bagh', 'Shalimar Bagh', 'Chashme Shahi', 'Shankaracharya Temple']",220047,213230,79861,336016,299863,172245,1,2,2,4.91,2.44,0,4,1,3,1
Jammu Kashmir,Gulmarg,Adventure,"Gulmarg is one of India’s premier hill stations known for its skiing slopes, meadows, and the world’s second-highest cable car ride.",34.0522,74.3805,"December to February (snow), March to June (greenery)","['January', 'February', 'March', 'June']",4.7,0.15,"['https://upload.wikimedia.org/wikipedia/commons/4/4b/Gulmarg_Snowfields.jpg', 'https://upload.wikimedia.org/wikipedia/commons/e/e3/Gulmarg_Gondola.jpg']","['Gulmarg Gondola', 'Khilanmarg', 'Apharwat Peak', 'St. Mary’s Church']",298922,109803,329316,188488,226041,95086,1,1,3,7.76,1.4,3,2,3,1,1
Jammu Kashmir,Pahalgam,Valley,Pahalgam is a peaceful valley along the Lidder River and serves as a base for the Amarnath Yatra. It’s known for its pine forests and beautiful valleys.,34.015,75.3167,March to October,"['April', 'May', 'June', 'September']",4.6,0.25,"['https://upload.wikimedia.org/wikipedia/commons/2/2d/Pahalgam_Valley.jpg', 'https://upload.wikimedia.org/wikipedia/commons/8/89/Betab_Valley_Pahalgam.jpg']","['Betaab Valley', 'Aru Valley', 'Lidder River', 'Baisaran Hills']",182212,274904,219001,134999,247764,210416,2,2,3,7.1,2.71,1,4,2,3,1
Jammu Kashmir,Sonamarg,Nature,"Sonamarg, meaning 'Meadow of Gold', is surrounded by glaciers and alpine meadows, making it a perfect destination for trekkers and nature lovers.",34.304,75.2937,May to October,"['June', 'July', 'August']",4.7,0.3,"['https://upload.wikimedia.org/wikipedia/commons/9/9e/Sonamarg_Valley.jpg', 'https://upload.wikimedia.org/wikipedia/commons/a/aa/Thajiwas_Glacier_Sonamarg.jpg']","['Thajiwas Glacier', 'Zero Point', 'Baltal Valley']",205914,210045,208149,330626,103010,296631,2,1,2,4.48,0.79,0,2,3,2,2
Jammu Kashmir,Yusmarg,Nature,"Yusmarg is an offbeat gem surrounded by pine forests and snow-capped mountains, ideal for short treks and nature walks.",33.806,74.668,April to October,"['May', 'June', 'July']",4.5,0.1,"['https://upload.wikimedia.org/wikipedia/commons/a/a2/Yusmarg_Meadows.jpg', 'https://upload.wikimedia.org/wikipedia/commons/7/7e/Doodh_Ganga_River_Yusmarg.jpg']","['Doodh Ganga River', 'Nilnag Lake', 'Sang-e-Safed Valley']",76421,217004,275210,224095,75913,168513,2,2,4,1.66,3.12,2,3,2,3,1
Jammu Kashmir,Kupwara,Scenic,"Kupwara is known for its untouched natural beauty, lush green meadows, and rich Kashmiri culture. It’s less crowded and perfect for peace seekers.",34.5313,74.253,May to September,"['June', 'July', 'August']",4.4,0.12,['https://upload.wikimedia.org/wikipedia/commons/2/27/Kupwara_Valley.jpg'],"['Bangus Valley', 'Seemab Valley', 'Kalaroos Caves']",51708,282097,288335,124202,152050,300151,2,3,2,3.38,1.71,1,2,3,2,2
Jammu Kashmir,Jammu,Culture,"Jammu, the winter capital, is home to many ancient temples, palaces, and cultural sites.",32.7266,74.857,October to March,"['November', 'December', 'January', 'February']",4.5,0.18,"['https://upload.wikimedia.org/wikipedia/commons/0/00/Raghunath_Temple_Jammu.jpg', 'https://upload.wikimedia.org/wikipedia/commons/1/18/Jammu_City_View.jpg']","['Raghunath Temple', 'Amar Mahal Palace', 'Mubarak Mandi Palace']",184702,122759,239633,98360,175182,353615,2,2,3,5.29,4.09,2,4,1,3,1
Jammu Kashmir,Katra,Culture,Katra serves as the base for the Vaishno Devi Temple pilgrimage and attracts millions of devotees every year.,32.9914,74.931,March to October,"['April', 'May', 'September', 'October']",4.9,0.4,"['https://upload.wikimedia.org/wikipedia/commons/4/47/Vaishno_Devi_Bhawan.jpg', 'https://upload.wikimedia.org/wikipedia/commons/2/28/Katra_town_view.jpg']","['Vaishno Devi Temple', 'Bhairon Temple', 'Ardh Kuwari Cave']",200667,314090,76681,268970,187939,210035,3,2,2,5.93,1.9,1,1,2,2,2
Jammu Kashmir,Patnitop,Hill Station,"Patnitop is a hill station known for its scenic beauty, paragliding, and winter snowfall.",33.081,75.329,May to June and September to October,"['May', 'June', 'October']",4.5,0.5,"['https://upload.wikimedia.org/wikipedia/commons/f/f6/Patnitop_snow.jpg', 'https://upload.wikimedia.org/wikipedia/commons/b/bf/Patnitop_Meadows.jpg']","['Madhatop', 'Naag Temple', 'Paragliding Point']",126021,122907,174585,63233,285331,111472,1,1,4,3.31,2.55,0,2,3,3,3
Jammu Kashmir,Bhaderwah,Nature,"Bhaderwah, often called 'Mini Kashmir', is known for its picturesque meadows, mountains, and rich biodiversity.",32.98,75.716,April to October,"['May', 'June', 'September']",4.6,0.22,['https://upload.wikimedia.org/wikipedia/commons/3/3f/Bhaderwah_Valley.jpg'],"['Chinta Valley', 'Padri', 'Seoj Meadow']",209380,144581,226164,94642,140607,103526,1,1,2,2.48,0.55,2,3,1,3,1
Jammu Kashmir,Mansar Lake,Lake,"Mansar Lake is a serene freshwater lake near Jammu, surrounded by forests and temples.",32.705,75.145,October to March,"['November', 'December', 'January']",4.4,0.3,['https://upload.wikimedia.org/wikipedia/commons/5/52/Mansar_Lake_Jammu.jpg'],"['Mansar Lake Temple', 'Boating Point', 'Wildlife Sanctuary']",94789,164050,196599,59203,98137,290998,1,1,3,7.34,0.83,2,2,1,3,2
Jammu Kashmir,Verinag,Historical,Verinag is known for the beautiful spring that marks the source of the Jhelum River and Mughal-era gardens.,33.555,75.26,April to October,"['May', 'June', 'September']",4.5,0.25,['https://upload.wikimedia.org/wikipedia/commons/f/f2/Verinag_Spring.jpg'],"['Verinag Spring', 'Mughal Garden', 'Jhelum River Origin']",236762,299742,219640,122369,76382,302508,1,2,4,8.39,2.27,1,2,3,1,3
Goa,Baga,Beach,"Famous for nightlife, beach shacks, and water adventures",15.5524,73.7517,November - February,"December,January,February",4.8,0.19,"baga1.jpg,baga2.jpg","[{""name"": ""Baga Beach"", ""description"": ""Known for parasailing and lively nightlife.""}]",76086,181761,124549,287889,66123,83748,2,3,5,5.18,2.66,2,2,2,3,1
Goa,Anjuna,Beach,Popular for trance parties and flea market,15.5751,73.7437,November - February,"December,January,February",4.6,0.22,"anjuna1.jpg,anjuna2.jpg","[{""name"": ""Anjuna Beach"", ""description"": ""Known for full-moon parties and beachside cafes.""},{""name"": ""Anjuna Flea Market"", ""description"": ""Colorful weekly market selling handicrafts and jewelry.""}]",66859,58122,204642,197742,90600,304492,1,1,3,2.7,3.2,1,3,2,1,1
Goa,Ganeshpuri,Spiritual,Famous for ancient temples and yoga retreats,15.492,73.9121,October - March,"November,December,January",4.5,0.25,"ganeshpuri1.jpg,ganeshpuri2.jpg","[{""name"": ""Mahadev Temple"", ""description"": ""Ancient temple dedicated to Lord Shiva.""}]",57684,109326,147717,227593,355684,110890,3,1,4,3.41,1.81,1,4,1,2,1
Goa,Old Goa,Heritage,Historic area with Portuguese-era churches and monuments,15.5034,73.9115,November - February,"December,January,February",4.9,0.15,"oldgoa1.jpg,oldgoa2.jpg","[{""name"": ""Se Cathedral"", ""description"": ""One of Asia’s largest churches dedicated to St. Catherine.""}]",141088,268475,221203,201658,180403,307028,3,2,4,1.63,3.63,1,2,2,3,2
Goa,Palolem,Beach,Peaceful beach known for scenic sunsets and dolphin-spotting,15.0091,74.0237,November - February,"December,January,February",4.8,0.17,"palolem1.jpg,palolem2.jpg","[{""name"": ""Palolem Beach"", ""description"": ""Scenic crescent-shaped beach popular for kayaking and yoga.""}]",182279,92759,246988,89467,259921,276555,1,1,5,7.9,4.37,1,2,2,2,2
Goa,Colva,Beach,Popular South Goa beach known for white sand and vibrant nightlife,15.2796,73.9227,November - February,"December,January,February",4.5,0.21,"colva1.jpg,colva2.jpg","[{""name"": ""Colva Beach"", ""description"": ""Long stretch of white sand with water sports and cafes.""},{""name"": ""Our Lady of Mercy Church"", ""description"": ""Historic church near the Colva square.""}]",96099,280417,281317,162896,196198,104652,1,3,2,2.32,4.01,0,1,2,2,3
Goa,Arambol,Beach,Bohemian-style beach famous among foreign tourists,15.6866,73.7045,November - February,"December,January,February",4.6,0.2,"arambol1.jpg,arambol2.jpg","[{""name"": ""Arambol Beach"", ""description"": ""Laid-back beach known for drum circles and yoga.""}]",248568,272928,61294,132120,239428,75781,3,3,2,5.54,0.68,1,3,1,3,2
Goa,Dudhsagar,Waterfall,Majestic four-tiered waterfall located on Goa–Karnataka border,15.3145,74.314,October - March,"November,December,January",4.9,0.12,"dudhsagar1.jpg,dudhsagar2.jpg","[{""name"": ""Dudhsagar Falls"", ""description"": ""One of India’s tallest waterfalls, popular for trekking.""}]",116093,54869,229333,79898,119271,310296,3,1,3,3.42,2.66,3,2,3,1,2
Andaman and Nicobar Islands,Port Blair,Island,"Capital city, gateway to pristine beaches and coral reefs.",11.6234,92.7265,October - May,"October,November,December,January,February,March,April,May",4.7,0.09,,"[{""name"": ""Cellular Jail"", ""description"": ""Historic colonial prison and museum.""}]",210761,81232,301228,228088,254695,321976,2,1,5,5.38,0.97,2,3,2,3,1
Andaman and Nicobar Islands,Havelock Island,Island,Known for Radhanagar Beach and scuba diving.,11.981,92.963,October - May,"October,November,December,January,February,March,April,May",4.9,0.08,,"[{""name"": ""Radhanagar Beach"", ""description"": ""Ranked among Asia's best beaches.""}]",98651,216346,144155,307510,294626,71073,3,2,2,6.06,1.59,3,2,1,2,1
Andaman and Nicobar Islands,Neil Island,Island,"Small, serene island known for coral reefs and clear water.",11.83,93.05,October - May,"October,November,December,January,February,March,April,May",4.8,0.07,,"[{""name"": ""Laxmanpur Beach"", ""description"": ""Beautiful sunset point.""}]",63893,169800,319554,307119,259809,278351,2,3,5,7.31,4.94,0,4,1,2,1
Andaman and Nicobar Islands,Baratang,Island,Famous for limestone caves and mangrove creeks.,12.133,92.783,November - April,"November,December,January,February,March,April",4.6,0.11,,"[{""name"": ""Limestone Caves"", ""description"": ""Boat ride through mangroves to natural caves.""}]",278880,80486,312202,204487,116887,280473,2,3,2,2.94,1.14,3,4,3,3,1
Andaman and Nicobar Islands,Long Island,Island,Less crowded island with pristine beaches and forest trails.,12.381,92.95,October - May,"October,November,December,January,February,March,April,May",4.5,0.1,,"[{""name"": ""Lalaji Bay Beach"", ""description"": ""Secluded beach ideal for swimming.""}]",116418,274933,315693,258287,135670,201232,2,1,4,1.58,2.74,2,2,2,1,1
Dadra and Nagar Haveli and Daman and Diu,Daman,Beach,Known for beaches and colonial Portuguese architecture.,20.4143,72.8328,October - March,"October,November,December,January,February,March",4.4,0.15,,"[{""name"": ""Devka Beach"", ""description"": ""Popular beachfront with resorts.""}]",175074,137994,293632,343892,236431,353317,2,2,2,2.46,3.28,3,4,2,1,1
Dadra and Nagar Haveli and Daman and Diu,Diu,Island,Historic island with forts and beautiful beaches.,20.714,70.987,October - March,"October,November,December,January,February,March",4.6,0.14,,"[{""name"": ""Diu Fort"", ""description"": ""Massive 16th-century Portuguese fort.""}]",153065,83286,146955,340040,159266,89798,2,3,5,7.8,3.66,0,2,3,2,1
Dadra and Nagar Haveli and Daman and Diu,Silvassa,Nature,"Capital of Dadra and Nagar Haveli, known for greenery and tribal culture.",20.2739,72.9967,October - March,"October,November,December,January,February,March",4.3,0.13,,"[{""name"": ""Vanganga Lake Garden"", ""description"": ""Beautiful lake garden for boating.""}]",180351,74348,128405,331133,74827,96520,1,3,4,7.62,3.02,1,4,3,2,3
Delhi,New Delhi,Urban,"Capital city of India, rich in history and monuments.",28.6139,77.209,October - March,"October,November,December,January,February,March",4.6,0.18,,"[{""name"": ""India Gate"", ""description"": ""War memorial and iconic landmark.""}]",241083,107508,212705,204039,213753,128691,3,2,4,5.68,0.54,3,1,1,1,3
Delhi,Old Delhi,Heritage,"Known for Red Fort, Chandni Chowk, and Mughal heritage.",28.6562,77.241,October - March,"October,November,December,January,February,March",4.5,0.2,,"[{""name"": ""Red Fort"", ""description"": ""UNESCO World Heritage Site.""}]",88635,290600,130155,221905,335485,331941,2,2,4,5.7,1.97,0,1,1,3,3
Delhi,Hauz Khas,Urban,"Trendy area known for cafes, nightlife, and ancient ruins.",28.5495,77.2001,October - March,"October,November,December,January,February,March",4.4,0.17,,"[{""name"": ""Hauz Khas Complex"", ""description"": ""Medieval ruins with lake and cafes.""}]",237187,177010,81197,85485,62624,302081,3,3,5,6.16,2.83,0,1,3,2,3
Ladakh,Leh,Mountain,"Main town in Ladakh, gateway to monasteries and adventure.",34.1526,77.5771,May - September,"May,June,July,August,September",4.8,0.09,,"[{""name"": ""Leh Palace"", ""description"": ""Historic royal palace with panoramic views.""}]",145071,186823,99764,221174,152691,316433,3,3,3,2.73,0.9,2,3,2,1,1
Ladakh,Nubra Valley,Mountain,"Famous for sand dunes, monasteries, and scenic landscapes.",34.646,77.5619,June - September,"June,July,August,September",4.9,0.08,,"[{""name"": ""Hunder Sand Dunes"", ""description"": ""Bactrian camel rides in high-altitude desert.""}]",259477,89011,220851,157101,102117,124402,2,2,3,7.9,2.08,2,3,1,2,3
Ladakh,Pangong Lake,Lake,High-altitude lake famous for changing colors.,33.75,78.6167,May - September,"May,June,July,August,September",5.0,0.07,,"[{""name"": ""Pangong Tso"", ""description"": ""Mesmerizing blue lake shared with China.""}]",253774,243852,226945,70658,328251,350291,1,3,3,4.43,0.65,3,1,1,3,1
Ladakh,Kargil,Mountain,Historic town known for war memorial and mountains.,34.557,76.126,May - September,"May,June,July,August,September",4.6,0.1,,"[{""name"": ""Kargil War Memorial"", ""description"": ""Dedicated to Indian soldiers of 1999 conflict.""}]",128518,219259,116425,110732,242756,232447,2,1,5,4.18,0.85,1,3,2,1,3
Lakshadweep,Kavaratti,Island,Capital island with lagoons and coral reefs.,10.5667,72.642,October - March,"October,November,December,January,February,March",4.8,0.07,,"[{""name"": ""Kavaratti Beach"", ""description"": ""Crystal clear waters and marine life.""}]",156233,132715,196347,119309,221613,201561,1,1,4,5.13,2.29,0,4,1,2,2
Lakshadweep,Agatti,Island,"Known for its airstrip, lagoon, and water sports.",10.85,72.2,October - March,"October,November,December,January,February,March",4.7,0.06,,"[{""name"": ""Agatti Island"", ""description"": ""Gateway to Lakshadweep via air.""}]",153651,303918,273662,100426,129144,71856,3,2,3,1.83,1.1,3,2,2,3,3
Lakshadweep,Bangaram,Island,Uninhabited island ideal for scuba diving and relaxation.,10.939,72.29,October - March,"October,November,December,January,February,March",4.9,0.05,,"[{""name"": ""Bangaram Island"", ""description"": ""Coral paradise for divers.""}]",122805,165576,293408,226861,256680,265658,1,2,5,2.66,3.05,0,2,2,2,3
Puducherry,Puducherry,Urban,French colonial town known for beaches and cafes.,11.9416,79.8083,October - March,"October,November,December,January,February,March",4.6,0.12,,"[{""name"": ""Promenade Beach"", ""description"": ""Iconic seafront with French architecture.""}]",240026,278002,172805,141251,211524,366320,1,2,3,6.67,3.6,0,2,2,3,1
Puducherry,Auroville,Spiritual,Experimental township focused on peace and human unity.,12.0055,79.8089,October - March,"October,November,December,January,February,March",4.7,0.1,,"[{""name"": ""Matrimandir"", ""description"": ""Golden meditation dome.""}]",209136,112880,157040,179933,249073,247298,1,1,2,2.08,4.1,1,1,3,3,3
Puducherry,Paradise Beach,Beach,Serene beach accessible by boat ride from Chunnambar.,11.883,79.81,November - March,"November,December,January,February,March",4.6,0.11,,"[{""name"": ""Paradise Beach"", ""description"": ""Clean sandy beach for water sports.""}]",172813,142690,258110,208361,77264,203376,3,3,3,5.72,1.4,1,3,3,1,2
